Group,Family,Genus,Synonyms,s1,s2,s3,s4,s5,s6,s7,cd1,cd2,cy1,cy2,cy3,dis1,dis2,dis3,dis4,life1,life2,life3,life4,fwl1,fwl2,fwl3,fwl4,fwl5,fwl6,fwl7,fwl8,wnb1,wnb2,wnb3,wnb4,wnb5,egg1,egg2,egg3,egg4,drift1,drift2,drift3
Bivalvia,Corbiculidae,Corbicula,,0,0,0,0,1,3,0,0,3,0,2,2,3,1,0,0,0,0,0,3,NA,NA,NA,NA,NA,NA,NA,NA,3,0,0,0,0,0,0,1,3,3,0,0
Bivalvia,Dreissenidae,Dreissena,,0,0,0,0,3,1,0,0,3,0,3,0,3,1,0,0,0,0,0,3,NA,NA,NA,NA,NA,NA,NA,NA,3,0,0,0,0,0,0,0,3,3,0,0
Bivalvia,Margaritiferidae,Margaritifera,,0,0,0,0,0,0,3,0,3,0,3,0,3,1,0,0,0,0,0,3,NA,NA,NA,NA,NA,NA,NA,NA,3,0,0,0,0,0,0,0,3,3,0,0
Bivalvia,Sphaeriidae,Pisidium,,0,3,2,1,0,0,0,2,3,0,3,3,2,1,1,0,0,0,2,3,NA,NA,NA,NA,NA,NA,NA,NA,3,0,0,0,0,3,0,0,0,3,0,0
Bivalvia,Sphaeriidae,Sphaerium,,0,0,0,3,1,0,0,1,3,0,3,3,2,1,1,0,0,0,2,3,NA,NA,NA,NA,NA,NA,NA,NA,3,0,0,0,0,3,0,0,0,NA,NA,NA
Bivalvia,Unionidae,Anodonta,,0,0,0,0,0,0,3,0,3,0,3,0,3,1,2,0,0,0,0,3,NA,NA,NA,NA,NA,NA,NA,NA,3,0,0,0,0,0,0,0,3,3,0,0
Bivalvia,Unionidae,Unio,,0,0,0,0,0,0,3,0,3,0,3,0,3,1,2,0,0,0,0,3,NA,NA,NA,NA,NA,NA,NA,NA,3,0,0,0,0,0,0,0,3,3,0,0
Coleoptera,Chrysomelidae,Donacia,,0,0,0,3,0,0,0,1,3,0,3,0,0,0,0,3,0,1,3,0,NA,NA,NA,NA,NA,NA,NA,NA,0,0,0,3,0,3,0,0,0,3,0,0
Coleoptera,Chrysomelidae,Macroplea,,0,0,0,3,0,0,0,1,3,0,3,0,0,1,0,3,0,0,3,0,NA,NA,NA,NA,NA,NA,NA,NA,0,0,0,3,0,3,0,0,0,3,0,0
Coleoptera,Chrysomelidae,Plateumaris,,0,0,0,3,0,0,0,1,3,0,3,0,0,1,0,3,0,0,3,0,NA,NA,NA,NA,NA,NA,NA,NA,0,0,0,3,0,3,0,0,0,3,0,0
Coleoptera,Dryopidae,Dryops,,0,1,3,0,0,0,0,1,3,0,3,0,0,1,0,3,0,0,3,1,1,3,0,0,0,0,0,0,0,0,0,3,0,3,0,0,0,3,0,0
Coleoptera,Dryopidae,Pomatinus,(=Helichus),0,0,3,1,0,0,0,1,3,0,3,0,0,1,0,3,0,0,3,1,0,3,0,0,0,0,0,0,0,0,0,3,0,3,0,0,0,3,0,0
Coleoptera,Dytiscidae,Acilius,,0,0,0,1,3,0,0,0,3,0,3,0,0,1,0,3,0,0,1,3,0,0,0,3,0,0,0,0,0,0,0,3,0,0,3,0,0,3,0,0
Coleoptera,Dytiscidae,Agabus,,0,0,1,3,0,0,0,0,3,0,3,1,1,1,0,3,0,0,3,1,0,3,1,0,0,0,0,0,0,0,0,3,0,3,3,0,0,3,1,0
Coleoptera,Dytiscidae,Bidessus,,0,3,0,0,0,0,0,1,3,0,1,3,1,1,0,3,0,0,3,1,3,0,0,0,0,0,0,0,0,0,0,3,0,3,0,0,0,3,0,0
Coleoptera,Dytiscidae,Boreonectes,,0,0,3,0,0,0,0,1,3,0,3,1,0,1,0,3,0,0,3,1,3,0,0,0,0,0,0,0,0,0,0,3,0,3,0,0,0,3,2,0
Coleoptera,Dytiscidae,Clemnius,,0,3,0,0,0,0,0,1,3,0,1,3,0,1,0,3,0,0,3,1,3,0,0,0,0,0,0,0,0,0,0,3,0,3,0,0,0,3,0,0
Coleoptera,Dytiscidae,Colymbetes,,0,0,0,0,3,0,0,0,3,0,3,0,0,1,0,3,0,0,1,3,0,0,0,3,0,0,0,0,0,0,0,3,0,0,3,0,0,3,0,0
Coleoptera,Dytiscidae,Cybister,,0,0,0,0,1,3,0,0,3,0,3,0,0,1,0,3,0,0,0,3,0,0,0,0,2,2,0,0,0,0,0,3,0,0,3,0,0,3,0,0
Coleoptera,Dytiscidae,Deronectes,,0,1,3,0,0,0,0,1,3,0,3,1,2,1,0,3,0,0,3,1,3,0,0,0,0,0,0,0,0,0,0,3,0,3,0,0,0,2,2,0
Coleoptera,Dytiscidae,Dytiscus,,0,0,0,0,1,3,0,0,3,0,3,0,0,1,0,3,0,0,0,3,0,0,0,0,3,1,0,0,0,0,0,3,0,0,3,0,0,3,0,0
Coleoptera,Dytiscidae,Eretes,,0,0,0,3,1,0,0,0,3,0,3,0,0,1,0,3,0,0,1,3,0,0,0,3,0,0,0,0,0,0,0,3,0,NA,NA,NA,NA,3,0,0
Coleoptera,Dytiscidae,Etruscodytes,,0,3,0,0,0,0,0,0,3,0,3,0,3,1,0,3,0,0,1,3,3,0,0,0,0,0,0,0,0,0,0,3,0,NA,NA,NA,NA,3,1,0
Coleoptera,Dytiscidae,Graptodytes,,0,3,0,0,0,0,0,1,3,0,1,3,1,1,0,3,0,0,3,1,3,0,0,0,0,0,0,0,0,0,0,3,0,3,0,0,0,3,2,0
Coleoptera,Dytiscidae,Graphoderus,,0,0,0,1,3,0,0,0,3,0,3,0,0,1,0,3,0,0,1,3,0,0,3,0,0,0,0,0,0,0,0,3,0,NA,NA,NA,NA,3,0,0
Coleoptera,Dytiscidae,Hydaticus,,0,0,0,1,3,0,0,0,3,0,3,0,0,1,0,3,0,0,1,3,0,0,3,0,0,0,0,0,0,0,0,3,0,0,3,0,0,3,0,0
Coleoptera,Dytiscidae,Hydroglyphus,(=Guignotus),0,3,0,0,0,0,0,1,3,0,1,3,0,1,0,3,0,0,3,1,3,0,0,0,0,0,0,0,0,0,0,3,0,3,0,0,0,3,0,0
Coleoptera,Dytiscidae,Hydrocolus,Formerly in Hydroporus,0,3,0,0,0,0,0,1,3,0,1,3,0,1,0,3,0,0,3,1,3,0,0,0,0,0,0,0,0,0,0,3,0,3,0,0,0,3,0,0
Coleoptera,Dytiscidae,Hydroporus,,0,3,2,0,0,0,0,1,3,0,1,3,0,1,0,3,0,0,3,1,3,1,0,0,0,0,0,0,0,0,0,3,0,3,0,0,0,3,0,0
Coleoptera,Dytiscidae,Hydrovatus,,0,3,0,0,0,0,0,1,3,0,1,3,0,1,0,3,0,0,3,1,3,0,0,0,0,0,0,0,0,0,0,3,0,3,0,0,0,3,0,0
Coleoptera,Dytiscidae,Hygrotus,"(= Coelambus,  Herophydrus, Leptolambus)",0,3,2,0,0,0,0,1,3,0,1,3,0,1,0,3,0,0,3,1,2,2,0,0,0,0,0,0,0,0,0,3,0,3,0,0,0,3,0,0
Coleoptera,Dytiscidae,Hyphydrus,,0,0,3,0,0,0,0,1,3,0,1,3,0,1,0,3,0,0,3,1,0,3,0,0,0,0,0,0,0,0,0,3,0,3,0,0,0,3,0,0
Coleoptera,Dytiscidae,Iberoporus,,0,3,0,0,0,0,0,0,3,0,3,0,0,1,0,0,0,0,1,3,3,0,0,0,0,0,0,0,0,0,0,3,0,NA,NA,NA,NA,3,1,0
Coleoptera,Dytiscidae,Ilybius,,0,0,0,3,1,0,0,0,3,0,3,1,0,1,0,3,0,0,3,1,0,2,3,0,0,0,0,0,0,0,0,3,0,3,3,0,0,3,0,0
Coleoptera,Dytiscidae,Laccophilus,,0,0,3,0,0,0,0,0,3,0,3,1,1,1,0,3,0,0,3,1,2,2,0,0,0,0,0,0,0,0,0,3,0,3,3,0,0,2,2,0
Coleoptera,Dytiscidae,Laccornis,,0,1,3,0,0,0,0,1,3,0,1,3,0,1,0,3,NA,NA,NA,NA,1,0,0,0,0,0,0,0,0,0,0,3,0,NA,NA,NA,NA,NA,NA,NA
Coleoptera,Dytiscidae,Liopterus,formerly Copelatus,0,0,3,1,0,0,0,0,3,0,3,1,0,1,0,3,0,0,3,1,0,3,0,0,0,0,0,0,0,0,0,3,0,3,3,0,0,3,0,0
Coleoptera,Dytiscidae,Meladema,,0,0,0,0,3,0,0,0,3,0,3,0,1,1,0,3,0,0,0,3,0,0,0,2,2,0,0,0,0,0,0,3,0,NA,NA,NA,NA,3,0,0
Coleoptera,Dytiscidae,Melanodytes,,0,0,0,0,3,0,0,0,3,0,3,0,1,1,0,3,0,0,0,3,0,0,0,3,0,0,0,0,0,0,0,3,0,NA,NA,NA,NA,NA,NA,NA
Coleoptera,Dytiscidae,Metaporus,,0,3,0,0,0,0,0,1,3,0,1,3,0,1,0,3,0,0,3,1,3,0,0,0,0,0,0,0,0,0,0,3,0,3,0,0,0,3,0,0
Coleoptera,Dytiscidae,Methles,,0,3,0,0,0,0,0,1,3,0,3,0,0,1,0,3,0,0,3,1,3,0,0,0,0,0,0,0,0,0,0,3,0,NA,NA,NA,NA,NA,NA,NA
Coleoptera,Dytiscidae,Nartus,,0,0,0,3,0,0,0,0,3,0,3,1,0,1,0,3,NA,NA,NA,NA,0,0,3,0,0,0,0,0,0,0,0,3,0,1,2,0,0,3,0,0
Coleoptera,Dytiscidae,Nebrioporus,(=Potamonectes),0,2,2,0,0,0,0,1,3,0,1,3,2,1,0,3,0,0,3,1,3,1,0,0,0,0,0,0,0,0,0,3,0,3,0,0,0,3,2,0
Coleoptera,Dytiscidae,Oreodytes,,0,3,0,0,0,0,0,1,3,0,1,3,2,1,0,3,0,0,3,1,3,0,0,0,0,0,0,0,0,0,0,3,0,3,0,0,0,3,1,0
Coleoptera,Dytiscidae,Platambus,,0,0,1,3,0,0,0,0,3,0,3,1,3,2,0,0,0,0,3,1,0,3,0,0,0,0,0,0,0,0,0,3,0,3,3,0,0,3,0,0
Coleoptera,Dytiscidae,Porhydrus,,0,3,0,0,0,0,0,1,3,0,1,3,0,1,0,3,0,0,3,1,3,0,0,0,0,0,0,0,0,0,0,3,0,3,0,0,0,NA,NA,NA
Coleoptera,Dytiscidae,Rhantus,,0,0,0,1,3,0,0,0,3,0,3,1,0,1,0,3,0,0,3,1,0,0,3,0,0,0,0,0,0,0,0,3,0,1,2,0,0,3,0,0
Coleoptera,Dytiscidae,Rhithrodytes,,0,3,0,0,0,0,0,3,1,0,3,0,1,1,0,3,0,0,3,1,3,0,0,0,0,0,0,0,0,0,0,3,0,NA,NA,NA,NA,3,1,0
Coleoptera,Dytiscidae,Scarodytes,,0,3,1,0,0,0,0,1,3,0,1,3,0,1,0,3,0,0,3,1,3,1,0,0,0,0,0,0,0,0,0,3,0,3,0,0,0,3,1,0
Coleoptera,Dytiscidae,Siettitia,,0,3,0,0,0,0,0,0,3,0,3,0,0,1,0,0,0,0,1,3,3,0,0,0,0,0,0,0,0,0,0,3,0,3,0,0,0,3,0,0
Coleoptera,Dytiscidae,Stictonectes,,0,1,3,0,0,0,0,1,3,0,1,3,1,1,0,3,0,0,3,1,3,0,0,0,0,0,0,0,0,0,0,3,0,3,0,0,0,NA,NA,NA
Coleoptera,Dytiscidae,Stictotarsus,,0,0,3,0,0,0,0,1,3,0,1,3,1,1,0,3,0,0,3,1,0,3,0,0,0,0,0,0,0,0,0,3,0,3,0,0,0,3,0,0
Coleoptera,Dytiscidae,Trichonectes,,0,0,3,0,0,0,0,1,3,0,1,3,2,1,0,3,0,0,3,1,3,1,0,0,0,0,0,0,0,0,0,3,0,NA,NA,NA,NA,NA,NA,NA
Coleoptera,Dytiscidae,Yola,,0,3,0,0,0,0,0,1,3,0,1,3,0,1,0,3,0,0,3,1,3,0,0,0,0,0,0,0,0,0,0,3,0,3,0,0,0,3,0,0
Coleoptera,Elmidae,Dupophilus,,0,3,0,0,0,0,0,1,3,0,3,0,2,1,0,2,0,0,3,1,3,0,0,0,0,0,0,0,0,0,0,3,0,NA,NA,NA,NA,NA,NA,NA
Coleoptera,Elmidae,Elmis,,0,3,0,0,0,0,0,1,3,0,3,0,2,1,0,2,0,0,1,3,3,0,0,0,0,0,0,0,0,0,0,3,0,3,0,0,0,3,2,0
Coleoptera,Elmidae,Esolus,,0,3,0,0,0,0,0,1,3,0,3,0,2,1,0,2,0,0,1,3,3,0,0,0,0,0,0,0,0,0,0,3,0,3,0,0,0,3,1,0
Coleoptera,Elmidae,Grouvellinus,,0,3,0,0,0,0,0,0,3,0,3,0,2,1,0,2,NA,NA,NA,NA,3,0,0,0,0,0,0,0,0,0,0,3,0,NA,NA,NA,NA,NA,NA,NA
Coleoptera,Elmidae,Limnius,,0,1,3,0,0,0,0,1,3,0,3,0,2,1,0,2,0,0,1,3,3,0,0,0,0,0,0,0,0,0,0,3,0,3,0,0,0,2,2,0
Coleoptera,Elmidae,Macronychus,,0,0,3,0,0,0,0,1,3,0,3,0,1,1,0,2,0,0,3,1,3,0,0,0,0,0,0,0,0,0,0,3,0,3,0,0,0,2,2,0
Coleoptera,Elmidae,Normandia,,0,3,0,0,0,0,0,1,3,0,3,0,2,1,0,2,0,0,3,1,3,0,0,0,0,0,0,0,0,0,0,3,0,3,0,0,0,3,0,0
Coleoptera,Elmidae,Oulimnius,,0,3,0,0,0,0,0,1,3,0,3,0,2,1,0,2,0,0,1,3,3,0,0,0,0,0,0,0,0,0,0,3,0,3,0,0,0,2,2,0
Coleoptera,Elmidae,Potamophilus,,0,0,0,3,0,0,0,1,3,0,3,0,1,1,0,3,0,0,3,0,3,0,0,0,0,0,0,0,0,0,0,3,0,3,0,0,0,3,2,0
Coleoptera,Elmidae,Riolus,,0,3,0,0,0,0,0,1,3,0,3,0,2,1,0,2,0,0,3,1,3,0,0,0,0,0,0,0,0,0,0,3,0,3,0,0,0,3,0,0
Coleoptera,Elmidae,Stenelmis,,0,1,3,0,0,0,0,1,3,0,3,0,2,1,0,2,0,0,3,1,3,0,0,0,0,0,0,0,0,0,0,3,0,3,0,0,0,2,2,0
Coleoptera,Georissidae,Georissus,,3,0,0,0,0,0,0,1,0,0,3,0,0,0,0,3,0,0,3,0,3,0,0,0,0,0,0,0,0,0,0,3,0,NA,NA,NA,NA,3,0,0
Coleoptera,Gyrinidae,Aulonogyrus,,0,0,3,2,0,0,0,1,3,0,3,0,0,2,0,3,0,0,3,1,0,3,0,0,0,0,0,0,0,0,0,3,0,NA,NA,NA,NA,3,0,0
Coleoptera,Gyrinidae,Gyrinus,,0,1,3,2,0,0,0,1,3,0,3,0,0,2,0,3,0,0,3,0,0,3,0,0,0,0,0,0,0,0,0,3,0,3,0,0,0,3,0,0
Coleoptera,Gyrinidae,Orectochilus,,0,1,3,2,0,0,0,1,3,0,3,0,2,2,0,3,0,0,3,0,0,3,0,0,0,0,0,0,0,0,0,3,0,3,0,0,0,3,1,0
Coleoptera,Haliplidae,Brychius,,0,0,3,0,0,0,0,1,3,0,1,3,2,1,0,3,0,0,3,1,3,0,0,0,0,0,0,0,0,0,0,3,0,3,0,0,0,3,0,0
Coleoptera,Haliplidae,Haliplus,,0,1,3,1,0,0,0,1,3,0,1,3,1,1,0,3,0,0,3,1,3,0,0,0,0,0,0,0,0,0,0,3,0,3,0,0,0,NA,NA,NA
Coleoptera,Haliplidae,Peltodytes,,0,0,3,1,0,0,0,1,3,0,1,3,0,1,0,3,0,0,3,1,3,0,0,0,0,0,0,0,0,0,0,3,0,3,0,0,0,3,0,0
Coleoptera,Helophoridae,Helophorus,,0,2,3,1,0,0,0,1,3,0,3,1,1,1,0,3,0,0,3,1,3,1,0,0,0,0,0,0,0,0,0,3,0,3,0,0,0,3,0,0
Coleoptera,Hydraenidae,Hydraena,,1,3,0,0,0,0,0,1,3,0,3,1,2,1,0,3,0,0,3,1,3,0,0,0,0,0,0,0,0,0,0,3,0,3,0,0,0,3,2,1
Coleoptera,Hydraenidae,Limnebius,,3,2,0,0,0,0,0,1,3,0,3,1,2,1,0,3,0,0,3,1,3,0,0,0,0,0,0,0,0,0,0,3,0,3,0,0,0,3,1,0
Coleoptera,Hydraenidae,Ochthebius,,3,2,0,0,0,0,0,1,3,0,3,1,1,1,0,3,0,0,3,1,3,0,0,0,0,0,0,0,0,0,0,3,0,3,2,0,0,3,1,0
Coleoptera,Hydrochidae,Hydrochus,,0,3,1,0,0,0,0,1,3,0,3,1,0,1,0,3,0,0,3,1,3,0,0,0,0,0,0,0,0,0,0,3,0,3,0,0,0,3,0,0
Coleoptera,Hydrophilidae,Anacaena,,0,3,0,0,0,0,0,1,3,0,3,1,0,1,0,3,0,0,3,1,3,0,0,0,0,0,0,0,0,0,0,3,0,3,0,0,0,3,0,0
Coleoptera,Hydrophilidae,Berosus,,0,1,3,0,0,0,0,1,3,0,3,1,0,1,0,3,0,0,3,1,0,3,0,0,0,0,0,0,0,0,0,3,0,3,0,0,0,3,0,0
Coleoptera,Hydrophilidae,Crenitis,,0,3,0,0,0,0,0,1,3,0,3,1,0,1,0,3,NA,NA,NA,NA,3,0,0,0,0,0,0,0,0,0,0,3,0,NA,NA,NA,NA,NA,NA,NA
Coleoptera,Hydrophilidae,Chaetarthria,,0,3,0,0,0,0,0,1,0,0,3,1,0,1,0,3,0,0,3,1,3,0,0,0,0,0,0,0,0,0,0,3,0,3,0,0,0,3,0,0
Coleoptera,Hydrophilidae,Coelostoma,,0,3,0,0,0,0,0,1,3,0,3,1,1,1,0,3,NA,NA,NA,NA,0,3,0,0,0,0,0,0,0,0,0,3,0,NA,NA,NA,NA,3,0,0
Coleoptera,Hydrophilidae,Cymbiodyta,,0,3,0,0,0,0,0,1,3,0,3,1,1,1,0,3,0,0,3,1,3,0,0,0,0,0,0,0,0,0,0,3,0,3,0,0,0,3,0,0
Coleoptera,Hydrophilidae,Enochrus,(=Philydrus),0,1,3,0,0,0,0,1,3,0,3,1,0,1,0,3,0,0,3,1,1,2,0,0,0,0,0,0,0,0,0,3,0,3,0,0,0,3,0,0
Coleoptera,Hydrophilidae,Helochares,,0,0,3,0,0,0,0,1,3,0,3,1,0,1,0,3,0,0,3,1,2,2,0,0,0,0,0,0,0,0,0,3,0,3,0,0,0,3,0,0
Coleoptera,Hydrophilidae,Hemisphaera,,0,3,0,0,0,0,0,1,3,0,3,1,0,1,0,3,NA,NA,NA,NA,3,0,0,0,0,0,0,0,0,0,0,3,0,NA,NA,NA,NA,NA,NA,NA
Coleoptera,Hydrophilidae,Hydrobius,,0,0,0,3,0,0,0,1,3,0,3,1,0,1,0,3,0,0,3,1,0,2,2,0,0,0,0,0,0,0,0,3,0,3,0,0,0,3,0,0
Coleoptera,Hydrophilidae,Hydrochara,,0,0,0,0,3,0,0,0,3,0,3,1,0,1,0,3,0,0,0,3,0,0,1,2,0,0,0,0,0,0,0,3,0,3,0,0,0,3,1,0
Coleoptera,Hydrophilidae,Hydrophilus,(=Hydrous),0,0,0,0,0,3,0,0,3,0,3,1,0,1,0,3,0,0,0,3,0,0,0,0,0,3,0,0,0,0,0,3,0,2,2,0,0,3,1,0
Coleoptera,Hydrophilidae,Laccobius,,0,1,3,0,0,0,0,1,3,0,3,1,1,1,0,3,0,0,3,1,3,0,0,0,0,0,0,0,0,0,0,3,0,3,0,0,0,3,0,0
Coleoptera,Hydrophilidae,Limnoxenus,,0,0,0,3,0,0,0,1,3,0,3,1,0,1,0,3,0,0,3,1,0,0,1,2,0,0,0,0,0,0,0,3,0,3,0,0,0,3,0,0
Coleoptera,Hydrophilidae,Paracymus,,0,0,3,0,0,0,0,1,3,0,3,1,0,1,0,3,0,0,0,3,3,0,0,0,0,0,0,0,0,0,0,3,0,3,0,0,0,NA,NA,NA
Coleoptera,Hydrophilidae,Sternolophus,,0,0,0,3,0,0,0,NA,NA,NA,NA,NA,0,1,0,3,0,0,1,3,0,0,3,0,0,0,0,0,0,0,0,3,0,NA,NA,NA,NA,NA,NA,NA
Coleoptera,Hydroscaphidae,Hydroscapha,,3,0,0,0,0,0,0,0,3,0,3,1,2,1,0,1,NA,NA,NA,NA,3,0,0,0,0,0,0,0,0,0,0,3,0,3,0,0,0,NA,NA,NA
Coleoptera,Hygrobiidae,Hygrobia,,0,0,0,3,0,0,0,0,3,0,1,3,0,1,0,3,0,0,0,3,3,0,0,0,0,0,0,0,0,0,0,3,0,3,0,0,0,3,0,0
Coleoptera,Noteridae,Canthydrus,,0,3,0,0,0,0,0,0,3,0,1,3,0,1,0,3,0,0,3,1,3,0,0,0,0,0,0,0,0,0,0,3,0,NA,NA,NA,NA,3,0,0
Coleoptera,Noteridae,Noterus,,0,0,3,0,0,0,0,0,3,0,3,0,0,1,0,3,0,0,3,1,2,2,0,0,0,0,0,0,0,0,0,3,0,3,0,0,0,3,0,0
Coleoptera,Psephenidae (=Eubriidae),Eubria,,0,3,0,0,0,0,0,1,3,0,3,0,2,1,0,3,NA,NA,NA,NA,3,0,0,0,0,0,0,0,0,0,0,3,0,0,3,0,0,0,3,0
Coleoptera,Scirtidae (=Helodidae),Cyphon,,0,3,0,0,0,0,0,1,3,0,3,0,0,1,0,3,NA,NA,NA,NA,NA,NA,NA,NA,NA,NA,NA,NA,0,0,0,3,0,NA,NA,NA,NA,NA,NA,NA
Coleoptera,Scirtidae (=Helodidae),Elodes,(=Helodes),0,3,1,0,0,0,0,1,3,0,3,0,1,1,0,3,NA,NA,NA,NA,NA,NA,NA,NA,NA,NA,NA,NA,0,0,0,3,0,3,0,0,0,0,3,0
Coleoptera,Scirtidae (=Helodidae),Hydrocyphon,,2,3,1,0,0,0,0,1,3,0,3,0,2,1,0,3,0,0,3,0,NA,NA,NA,NA,NA,NA,NA,NA,0,0,0,3,0,3,0,0,0,2,2,0
Coleoptera,Scirtidae (=Helodidae),Scirtes,,1,3,0,0,0,0,0,1,3,0,3,0,1,1,0,3,NA,NA,NA,NA,NA,NA,NA,NA,NA,NA,NA,NA,0,0,0,3,0,3,0,0,0,NA,NA,NA
Coleoptera,Spercheidae,Spercheus,,0,0,3,0,0,0,0,0,3,0,3,1,0,1,0,3,0,0,0,3,0,3,0,0,0,0,0,0,0,0,0,3,0,NA,NA,NA,NA,3,0,0
Crustacea,Asellidae,Asellus,,0,0,0,3,0,0,0,3,1,0,1,3,3,0,0,0,0,0,3,0,NA,NA,NA,NA,NA,NA,NA,NA,3,0,0,0,0,2,2,0,0,3,1,1
Crustacea,Asellidae,Proasellus,,0,0,3,0,0,0,0,1,3,0,1,2,3,0,0,0,0,0,3,0,NA,NA,NA,NA,NA,NA,NA,NA,3,0,0,0,0,3,0,0,0,NA,NA,NA
Crustacea,Astacidae,Astacus,,0,0,0,0,0,0,3,0,3,0,3,0,0,2,0,0,0,0,1,3,NA,NA,NA,NA,NA,NA,NA,NA,3,0,0,0,0,0,3,2,1,3,0,0
Crustacea,Astacidae,Austropotamobius,,0,0,0,0,0,0,3,0,3,3,0,0,0,2,0,0,0,0,1,3,NA,NA,NA,NA,NA,NA,NA,NA,3,0,0,0,0,1,3,1,0,3,0,0
Crustacea,Atyidae,Atyaephyra,,0,0,0,0,3,0,0,1,3,0,3,0,1,1,0,0,0,0,3,1,NA,NA,NA,NA,NA,NA,NA,NA,3,0,0,0,0,0,3,0,0,NA,NA,NA
Crustacea,Cambaridae,Procambarus,,0,0,0,0,0,0,3,0,3,0,3,0,0,1,0,0,0,0,1,3,NA,NA,NA,NA,NA,NA,NA,NA,3,0,0,0,0,0,3,0,0,NA,NA,NA
Crustacea,Corophiidae,Corophium,,0,0,3,0,0,0,0,3,0,0,0,3,2,2,0,0,0,0,3,0,NA,NA,NA,NA,NA,NA,NA,NA,3,0,0,0,0,3,0,0,0,NA,NA,NA
Crustacea,Crangonyctidae,Crangonyx,,0,2,2,0,0,0,0,0,3,0,0,3,1,0,0,0,NA,NA,NA,NA,NA,NA,NA,NA,NA,NA,NA,NA,NA,NA,NA,NA,NA,NA,NA,NA,NA,1,3,2
Crustacea,Gammaridae,Echinogammarus,,0,0,0,0,3,0,0,0,3,0,0,3,3,1,0,0,0,0,3,0,NA,NA,NA,NA,NA,NA,NA,NA,3,0,0,0,0,3,0,0,0,1,3,2
Crustacea,Gammaridae,Gammarus,,0,0,0,2,2,0,0,1,3,0,0,3,3,2,0,0,0,0,1,3,NA,NA,NA,NA,NA,NA,NA,NA,3,0,0,0,0,0,3,1,0,1,3,2
Crustacea,Janiridae,Jaera,,0,0,3,0,0,0,0,3,0,0,0,3,3,1,0,0,NA,NA,NA,NA,NA,NA,NA,NA,NA,NA,NA,NA,NA,NA,NA,NA,NA,NA,NA,NA,NA,NA,NA,NA
Crustacea,Metacrangonyctidae,Metacrangronyx,,0,0,0,1,2.5,0,0,0.5,3,0,0,3,3,1.5,0,0,NA,NA,NA,NA,NA,NA,NA,NA,NA,NA,NA,NA,3,0,0,0,0,NA,NA,NA,NA,NA,NA,NA
Crustacea,Niphargidae,Niphargus,,0,0,0,0,3,0,0,0,3,3,0,0,3,0,0,0,0,0,0,3,NA,NA,NA,NA,NA,NA,NA,NA,3,0,0,0,0,3,0,0,0,3,0,0
Crustacea,Palaemonidae,Palaemon,,0,0,0,0,3,1,0,3,1,0,2,3,3,3,0,0,NA,NA,NA,NA,NA,NA,NA,NA,NA,NA,NA,NA,3,0,0,0,0,NA,NA,NA,NA,NA,NA,NA
Crustacea,Palaemonidae,Palaemonetes,,0,0,0,0,3,1,0,3,1,0,2,3,3,3,0,0,0,0,0,3,NA,NA,NA,NA,NA,NA,NA,NA,3,0,0,0,0,0,3,0,0,NA,NA,NA
Crustacea,Potamonidae,Potamon,,0,0,0,0,0,3,0,0,3,0,3,0,0,1,0,0,NA,NA,NA,NA,NA,NA,NA,NA,NA,NA,NA,NA,3,0,0,0,0,NA,NA,NA,NA,NA,NA,NA
Crustacea,Triopsidae,Triops,(=Apus),0,0,0,0,0,2,3,3,0,0,0,3,0,0,3,0,NA,NA,NA,NA,NA,NA,NA,NA,NA,NA,NA,NA,3,0,0,0,0,NA,NA,NA,NA,NA,NA,NA
Diptera,Anthomyiidae ,Anthomyiidae,(=Muscidae),0,0,3,1,0,0,0,3,0,0,1,3,0,1,0,0,1,2,3,0,1,3,0,0,0,0,0,0,0,3,0,0,0,1,3,0,0,2,2,0
Diptera,Athericidae,Atherix,,0,0,0,0,3,0,0,3,1,1,3,0,0,1,0,1,3,0,0,0,0,3,0,0,0,0,0,0,0,3,0,0,0,NA,NA,NA,NA,3,0,0
Diptera,Athericidae,Atrichops,,0,0,0,3,0,0,0,3,1,1,3,0,1,1,0,1,3,0,0,0,0,3,0,0,0,0,0,0,0,3,0,0,0,0,3,0,0,3,0,0
Diptera,Athericidae,Ibisia,,0,0,0,0,3,0,0,3,1,0,3,0,0,1,0,1,NA,NA,NA,NA,0,3,0,0,0,0,0,0,0,3,0,0,0,NA,NA,NA,NA,3,0,NA
Diptera,Blephariceridae,Apistomyia,,0,0,3,0,0,0,0,3,0,0,3,1,2,1,0,1,NA,NA,NA,NA,0,3,0,0,0,0,0,0,0,3,0,0,0,NA,NA,NA,NA,3,3,0
Diptera,Blephariceridae,Blepharicera,,0,0,3,0,0,0,0,3,0,0,3,0,2,1,0,1,3,0,0,0,2,2,0,0,0,0,0,0,0,3,0,0,0,NA,NA,NA,NA,3,0,0
Diptera,Blephariceridae,Dioptopsis,,0,0,3,0,0,0,0,3,0,0,3,1,2,1,0,1,NA,NA,NA,NA,0,3,0,0,0,0,0,0,0,3,0,0,0,NA,NA,NA,NA,3,0,0
Diptera,Blephariceridae,Liponeura,,0,0,3,0,0,0,0,3,0,0,3,2,2,1,0,1,NA,NA,NA,NA,0,3,0,0,0,0,0,0,0,3,0,0,0,NA,NA,NA,NA,3,0,0
Diptera,Ceratopogonidae,Ceratopogoninae,Bezzia,0,0,1,3,0,0,0,3,0,0,2,2,3,1,0,2,1,3,1,0,3,0,0,0,0,0,0,0,0,3,0,0,0,1,3,0,0,3,0,0
Diptera,Ceratopogonidae,Dasyheleinae,,0,0,2,3,0,0,0,3,0,0,2,1,0,0,0,2,1,3,1,0,3,0,0,0,0,0,0,0,0,3,0,0,0,1,3,0,0,3,0,0
Diptera,Ceratopogonidae,Forcipomyinae,,0,2,2,0,0,0,0,3,0,0,2,1,0,0,0,2,1,3,1,0,3,0,0,0,0,0,0,0,0,3,0,0,0,1,3,0,0,3,0,0
Diptera,Chaoboridae,Chaoborus,,0,0,0,3,0,0,0,3,0,0,3,1,1,2,0,0,NA,NA,NA,NA,3,0,0,0,0,0,0,0,0,3,0,0,0,NA,NA,NA,NA,0,3,0
Diptera,Chironomidae,Chironominae -Chironomini,,0,0,1,3,2,0,0,3,0,0,1,3,2,1,3,1,3,0,0,0,3,0,0,0,0,0,0,0,0,3,0,0,0,1,11,3,0,2,3,1
Diptera,Chironomidae,Chironominae - Tanytarsini,,0,2,3,0,0,0,0,3,0,0,3,3,1,1,3,1,3,0,0,0,3,0,0,0,0,0,0,0,0,3,0,0,0,3,0,0,0,2,3,1
Diptera,Chironomidae,Orthocladiinae / Diamesinae/Prodiamesinae,,0,1,3,1,0,0,0,3,0,0,1,3,2,1,1,1,3,0,0,0,3,0,0,0,0,0,0,0,0,3,0,0,0,2,3,0,0,2,3,1
Diptera,Chironomidae,Podonominae,,0,0,3,0,0,0,0,3,0,0,0,0,2,1,1,1,NA,NA,NA,NA,3,0,0,0,0,0,0,0,0,3,0,0,0,NA,NA,NA,NA,2,3,1
Diptera,Chironomidae,Tanypodinae ,,0,1,3,2,0,0,0,3,0,0,3,0,2,1,1,1,3,0,0,0,3,0,0,0,0,0,0,0,0,3,0,0,0,0,3,0,0,2,3,1
Diptera,Culicidae,Anopheles,,0,0,3,0,0,0,0,3,0,0,2,2,0,0,2,3,NA,NA,NA,NA,3,1,0,0,0,0,0,0,0,3,0,0,0,0,0,3,0,3,0,0
Diptera,Culicidae,Culicinae,,0,1,3,0,0,0,0,3,0,0,2,2,0,0,2,3,NA,NA,NA,NA,3,0,0,0,0,0,0,0,0,3,0,0,0,0,2,2,0,3,0,0
Diptera,Dixidae,Dixa,,0,0,3,0,0,0,0,3,0,0,3,0,3,1,1,0,NA,NA,NA,NA,3,0,0,0,0,0,0,0,0,3,0,0,0,NA,NA,NA,NA,3,0,0
Diptera,Dixidae,Dixella,,0,0,3,0,0,0,0,3,0,0,3,0,3,1,1,0,NA,NA,NA,NA,3,0,0,0,0,0,0,0,0,3,0,0,0,NA,NA,NA,NA,3,0,0
Diptera,Dolichopodidae,Dolichopodidae,,0,0,3,0,0,0,0,0,0,0,3,0,0,0,1,1,NA,NA,NA,NA,3,0,0,0,0,0,0,0,0,3,0,0,0,NA,NA,NA,NA,0,2,1
Diptera,Empididae,Clinocerinae,,0,0,3,0,0,0,0,3,0,0,3,1,1,1,0,3,3,0,0,0,2,3,1,0,0,0,0,0,0,3,0,0,0,NA,NA,NA,NA,3,1,0
Diptera,Empididae,Hemerodromiinae,,0,0,3,0,0,0,0,3,0,0,3,2,1,1,0,1,NA,NA,NA,NA,3,1,0,0,0,0,0,0,0,3,0,0,0,NA,NA,NA,NA,3,1,0
Diptera,Ephydridae,Ephydridae,,0,1,3,3,0,0,0,3,0,0,3,1,0,0,0,1,0,3,0,0,3,0,0,0,0,0,0,0,0,3,0,0,0,NA,NA,NA,NA,NA,NA,NA
Diptera,Limoniidae,Eriopterini,"Molophilus, Rhypholophus",0,1,3,0,0,0,0,3,0,0,3,1,0,1,0,1,NA,NA,NA,NA,1,3,0,0,0,0,0,0,0,3,0,0,0,NA,NA,NA,NA,3,1,0
Diptera,Limoniidae,Hexatomini,Eloeophila,0,0,3,1,0,0,0,1,0,0,3,1,1,1,0,1,NA,NA,NA,NA,1,3,2,0,0,0,0,0,0,3,0,0,0,NA,NA,NA,NA,3,1,0
Diptera,Limoniidae,Limoniini,Antocha,0,0,2,3,0,0,0,1,0,0,3,1,0,1,2,1,NA,NA,NA,NA,0,3,2,1,0,0,0,0,0,3,0,0,0,3,0,0,0,2,2,0
Diptera,Limoniidae,Pediciini,Dicranota,0,0,0,1,3,2,0,3,0,0,3,1,2,1,0,1,NA,NA,NA,NA,0,3,2,0,1,0,0,0,0,3,0,0,0,NA,NA,NA,NA,3,2,0
Diptera,Psychodidae,Psychodidae,Pericoma,0,0,3,0,0,0,0,3,0,0,1,3,3,1,0,1,3,0,0,0,3,0,0,0,0,0,0,0,0,3,0,0,0,0,3,0,0,3,2,0
Diptera,Ptychopteridae,Ptychopteridae,,0,0,0,0,3,1,0,3,0,0,3,2,2,1,0,1,3,0,0,0,0,3,1,0,0,0,0,0,0,3,0,0,0,0,3,0,0,3,0,0
Diptera,Rhagionidae,Chrysopilus,,0,0,0,3,1,0,0,3,1,1,3,0,0,0,0,0,NA,NA,NA,NA,0,3,0,0,0,0,0,0,0,3,0,0,0,NA,NA,NA,NA,3,0,0
Diptera,Scatophagidae,Acanthocnema,,0,0,3,1,0,0,0,3,0,0,1,3,0,1,0,0,0,3,0,0,1,3,0,0,0,0,0,0,0,3,0,0,0,NA,NA,NA,NA,3,0,0
Diptera,Sciomyzidae (=Tetanoceridae),Sciomyzidae,(=Tetanoceridae),0,0,0,3,0,0,0,3,1,0,1,3,0,1,1,1,0,3,2,0,1,3,0,0,0,0,0,0,0,3,0,0,0,0,3,0,0,3,0,0
Diptera,Simuliidae,Prosimuliinae,,0,0,1,0,0,0,0,3,0,0,2,3,2,1,3,1,1,3,1,0,3,0,0,0,0,0,0,0,0,3,0,0,0,0,3,0,0,0,2,3
Diptera,Simuliidae,Simuliinae,,0,2,3,0,0,0,0,3,1,0,2,3,2,2,3,1,1,3,1,0,3,0,0,0,0,0,0,0,0,3,0,0,0,0,3,0,0,0,2,3
Diptera,Stratiomyidae,Stratiomyidae,Odontomyia,0,0,2,2,1,1,0,2,1,0,3,0,1,1,1,3,2,3,0,0,2,3,0,0,0,0,0,0,0,3,0,0,0,0,3,0,0,3,0,0
Diptera,Syrphidae,Syrphidae,,0,0,0,3,1,0,0,0,0,0,3,1,0,1,1,3,0,2,2,0,1,3,2,0,0,0,0,0,0,3,0,0,0,1,3,0,0,3,0,0
Diptera,Tabanidae,Tabanidae,,0,0,0,0,3,1,0,3,0,0,3,0,0,1,0,3,0,3,2,0,0,3,3,1,0,0,0,0,0,3,0,0,0,0,3,0,0,3,0,0
Diptera,Thaumaleidae (=Orphnephilidae),Thaumaleidae,(=Orphnephilidae),0,0,0,3,0,0,0,3,0,0,3,0,2,1,0,1,NA,NA,NA,NA,3,0,0,0,0,0,0,0,0,3,0,0,0,NA,NA,NA,NA,1,2,1
Diptera,Tipulidae,Tipulidae,,0,0,0,0,3,2,0,2,3,1,3,1,0,1,0,1,0,3,0,0,0,0,1,3,1,0,0,0,0,3,0,0,0,0,3,1,0,3,0,0
Ephemeroptera,Baetidae,Acentrella,,0,0,3,0,0,0,0,3,0,0,3,0,2,1,1,2,3,0,0,0,2,2,0,0,0,0,0,0,0,0,3,0,0,0,3,0,0,0,2,3
Ephemeroptera,Baetidae,Alainites,,0,0.5,3,0,0,0,0,3,0,0,1,2,2,1,1,2,3,0,0,0,0,3,0,0,0,0,0,0,0,0,3,0,0,0,3,1,0,NA,NA,NA
Ephemeroptera,Baetidae,Baetis,,0,0,3,1,0,0,0,3,0,0,2,3,3,2,1,3,3,0,0,0,0,3,1,0,0,0,0,0,0,0,3,0,0,0,1,3,1,0,1,3
Ephemeroptera,Baetidae,Pseudocentroptiloides,,0,0,3,0,0,0,0,NA,NA,0,3,0,NA,NA,NA,NA,3,0,0,0,0,3,0,0,0,0,0,0,0,0,3,0,0,NA,NA,NA,NA,NA,NA,NA
Ephemeroptera,Baetidae,Centroptilum,Pseudocentroptilum pennulatum,0,0,3,0,0,0,0,3,0,0,0,3,2,2,1,2,3,0,0,0,0,1,0,0,0,0,0,0,0,0,3,0,0,0,1,3,0,NA,1,3
Ephemeroptera,Baetidae,Cloeon,,0,0,3,0,0,0,0,3,0,0,1,3,1,2,1,2,2,2,0,0,0,3,1,0,0,0,0,0,0,0,3,0,0,0,1,2,1,3,0,0
Ephemeroptera,Baetidae,Nigrobaetis,,0,0,3,0.25,0,0,0,3,0,0,1.5,2.25,2,1.75,1,2.25,3,0,0,0,0,1,0,0,0,0,0,0,0,0,3,0,0,0,3,2,0,NA,NA,NA
Ephemeroptera,Baetidae,Procloeon,,0,0,3,0,0,0,0,3,0,0,1,3,1,2,1,2,3,0,0,0,0,1,0,0,0,0,0,0,0,0,3,0,0,0,2,2,0,1,0,0
Ephemeroptera,Baetidae,Pseudocentroptilum,Centroptilum pennulatum,0,0,3,0,0,0,0,3,0,0,2,3,2,2,1,2,3,0,0,0,0,1,0,0,0,0,0,0,0,0,3,0,0,0,0,3,0,NA,NA,NA
Ephemeroptera,Caenidae,Brachycercus,,0,0,3,0,0,0,0,3,0,0,3,0,1,1,1,1,3,0,0,0,0,1,0,0,0,0,0,0,0,0,3,0,0,0,3,0,0,1,0,0
Ephemeroptera,Caenidae,Caenis,,0,2,3,0,0,0,0,3,0,0,1,3,2,1,1,1,3,0,0,0,1,0,0,0,0,0,0,0,0,0,3,0,0,0,2,1,0,3,1,0
Ephemeroptera,Ephemerellidae,Ephemerella,Serratella,0,0,3,0,0,0,0,3,0,0,3,1,2,3,1,3,3,0,0,0,0,4,1,0,0,0,0,0,0,0,3,0,0,0,2,1,0,2,3,1
Ephemeroptera,Ephemerellidae,Torleya,,0,0,3,0,0,0,0,3,0,0,3,0,2,1,1,2,3,0,0,0,0,0,1,0,0,0,0,0,0,0,3,0,0,0,0,3,0,NA,NA,NA
Ephemeroptera,Ephemeridae,Ephemera,,0,0,0,0,3,0,0,1,3,3,1,0,1,1,1,3,3,0,0,0,0,0,0,1,1,0,0,0,0,0,3,0,0,0,0,1,4,3,1,0
Ephemeroptera,Heptageniidae,Afronurus,,0,0,0,3,0,0,0,3,1,1,3,0,3,1,1,3,3,0,0,0,0,0,1,0,0,0,0,0,0,0,3,0,0,NA,NA,NA,NA,NA,NA,NA
Ephemeroptera,Heptageniidae,Ecdyonurus,,0,0,0,3,0,0,0,3,1,1,3,0,3,1,1,3,3,0,0,0,0,0,4,1,0,0,0,0,0,0,3,0,0,0,1,3,3,3,1,0
Ephemeroptera,Heptageniidae,Electrogena,Ecdyonurus lateralis,0,0,0,3,0,0,0,3,0,0,3,0,3,1,1,3,3,0,0,0,0,0,1,0,0,0,0,0,0,0,3,0,0,0,0,3,0,1,3,1
Ephemeroptera,Heptageniidae,Epeorus,,0,0,0,3,0,0,0,3,0,0,3,0,2,1,1,3,3,0,0,0,0,0,3,2,0,0,0,0,0,0,3,0,0,0,0,1,3,2,1,0
Ephemeroptera,Heptageniidae,Heptagenia,,0,0,0,3,0,0,0,3,1,1,3,0,3,1,1,3,3,0,0,0,0,0,3,1,0,0,0,0,0,0,3,0,0,0,0,3,0,2,2,0
Ephemeroptera,Heptageniidae,Rhithrogena,,0,0,1,3,0,0,0,3,1,1,3,0,3,2,1,3,3,0,0,0,0,1,1,0,0,0,0,0,0,0,3,0,0,0,1,3,0,1,3,1
Ephemeroptera,Isonychiidae,Isonychia,,0,0,3,0,0,0,0,3,0,0,3,0,3,1,1,2,3,0,0,0,0,0,1,0,0,0,0,0,0,0,3,0,0,0,0,2,2,2,0,2
Ephemeroptera,Leptophlebiidae,Choroterpes,,0,0,3,0,0,0,0,3,0,0,3,1,1,1,1,1,3,0,0,0,0,1,0,0,0,0,0,0,0,0,3,0,0,0,2,3,0,2,2,0
Ephemeroptera,Leptophlebiidae,Habroleptoides,,0,0,1,3,0,0,0,3,0,0,3,0,2,1,1,1,3,0,0,0,0,1,0,0,0,0,0,0,0,0,3,0,0,0,1,3,0,1,2,3
Ephemeroptera,Leptophlebiidae,Habrophlebia,,0,0,3,0,0,0,0,3,0,0,3,0,1,1,1,1,3,0,0,0,0,1,0,0,0,0,0,0,0,0,3,0,0,0,0,3,0,2,2,1
Ephemeroptera,Leptophlebiidae,Leptophlebia,,0,0,3,1,0,0,0,3,0,0,3,0,2,1,1,3,3,0,0,0,0,1,1,0,0,0,0,0,0,0,3,0,0,0,2,3,1,1,2,1
Ephemeroptera,Leptophlebiidae,Paraleptophlebia,,0,0,2,2,0,0,0,3,0,0,3,0,2,1,1,3,3,0,0,0,0,3,1,0,0,0,0,0,0,0,3,0,0,0,0,3,0,1,2,1
Ephemeroptera,Leptophlebiidae,Thraulus,,0,0,3,1,0,0,0,3,0,0,3,0,1,1,1,2,3,0,0,0,0,1,0,0,0,0,0,0,0,0,3,0,0,0,0,3,0,NA,NA,NA
Ephemeroptera,Oligoneuriidae,Oligoneuriella,,0,0,0,3,0,0,0,3,0,0,3,0,3,1,1,2,3,0,0,0,0,0,1,0,0,0,0,0,0,0,3,0,0,0,0,3,0,NA,NA,NA
Ephemeroptera,Oligoneuriidae,Oligoneuriopsis,,0,0,0,3,0,0,0,3,0,0,3,0,3,1,1,2,NA,NA,NA,NA,0,0,1,0,0,0,0,0,0,0,3,0,0,NA,NA,NA,NA,NA,NA,NA
Ephemeroptera,Polymitarcidae,Ephoron,,0,0,0,3,0,0,0,3,1,0,3,0,1,3,1,3,3,0,0,0,0,0,1,1,0,0,0,0,0,0,3,0,0,0,3,3,1,3,0,0
Ephemeroptera,Potamanthidae,Potamanthus,,0,0,0,3,0,0,0,3,0,0,3,0,2,1,1,3,3,0,0,0,0,0,1,0,0,0,0,0,0,0,3,0,0,0,0,3,0,0,3,3
Ephemeroptera,Prosopistomatidae,Prosopistoma,,0,1,3,0,0,0,0,3,0,0,3,0,1,1,1,1,3,0,0,0,1,0,0,0,0,0,0,0,0,0,3,0,0,NA,NA,NA,NA,NA,NA,NA
Ephemeroptera,Ameletidae,Ameletus,,0,0,0,3,0,0,0,3,0,0,3,0,1,3,1,3,3,1,0,0,0,0,1,0,0,0,0,0,0,0,3,0,0,0,2,1,0,2,1,1
Ephemeroptera,Siphlonuridae,Siphlonurus,,0,0,0,3,0,0,0,3,0,0,3,0,1,2,1,3,3,0,0,0,0,0,1,1,0,0,0,0,0,0,3,0,0,0,0,3,1,3,1,0
Heteroptera,Aphelocheiridae,Aphelocheirus,,0,0,2,2,0,0,0,0,3,0,3,0,3,3,0,0,0,0,3,1,NA,NA,NA,NA,NA,NA,NA,NA,0,0,0,3,0,3,0,0,0,3,0,0
Heteroptera,Belostomatidae,Lethocerus,,NA,NA,NA,NA,NA,NA,NA,NA,NA,NA,NA,NA,NA,NA,NA,NA,NA,NA,NA,NA,NA,NA,NA,NA,NA,NA,NA,NA,NA,NA,NA,NA,NA,NA,NA,NA,NA,NA,NA,NA
Heteroptera,Corixidae,Arctocorisa,,0,0,3,0,0,0,0,3,0,0,3,0,0,2,0,2,0,0,3,0,NA,NA,NA,NA,NA,NA,NA,NA,0,0,0,3,0,0,3,0,0,3,0,0
Heteroptera,Corixidae,Callicorixa,,0,0,3,0,0,0,0,3,0,0,0,3,1,2,0,2,0,0,3,0,0,1,0,0,0,0,0,0,0,0,0,3,0,2,2,0,0,3,0,0
Heteroptera,Corixidae,Corixa,,0,0,2,3,0,0,0,3,0,0,3,2,0,3,1,3,0,0,3,0,0,2,2,0,0,0,0,0,0,0,0,3,0,2,2,0,0,3,0,0
Heteroptera,Corixidae,Cymatia,,0,1,3,0,0,0,0,3,0,0,0,2,0,3,0,1,0,0,3,0,2,1,0,0,0,0,0,0,0,0,0,3,0,2,2,0,0,3,0,0
Heteroptera,Corixidae,Glaenocorisa,,0,0,3,0,0,0,0,3,0,0,1,1,0,2,0,2,0,0,3,0,NA,NA,NA,NA,NA,NA,NA,NA,0,0,0,3,NA,2,2,0,0,3,0,0
Heteroptera,Corixidae,Heliocorisa,,0,3,0,0,0,0,0,3,0,0,1,3,0,2,0,3,0,0,3,0,NA,NA,NA,NA,NA,NA,NA,NA,0,0,0,3,0,2,2,0,0,3,0,0
Heteroptera,Corixidae,Hesperocorixa,,0,0,3,0,0,0,0,3,0,0,1,1,0,2,0,2,0,0,3,0,0,3,0,0,0,0,0,0,0,0,0,3,NA,2,2,0,0,3,0,0
Heteroptera,Micronectidae,Micronecta,,3,1,0,0,0,0,0,3,0,0,0,2,3,1,0,0,0,0,3,0,3,0,0,0,0,0,0,0,0,0,0,3,0,2,2,0,0,3,0,0
Heteroptera,Corixidae,Paracorixa,,0,0,3,0,0,0,0,3,0,0,1,1,0,2,0,2,0,0,3,0,NA,NA,NA,NA,NA,NA,NA,NA,0,0,0,3,0,2,2,0,0,3,0,0
Heteroptera,Corixidae,Parasigara,,0,0,3,0,0,0,0,3,0,0,1,1,1,2,1,3,0,0,3,0,NA,NA,NA,NA,NA,NA,NA,NA,0,0,0,3,0,2,2,0,0,3,0,0
Heteroptera,Corixidae,Sigara,,0,1,3,0,0,0,0,3,2,0,2,2,1,2,1,2,0,0,3,0,2,2,0,0,0,0,0,0,0,0,0,3,0,3,2,0,0,3,0,0
Heteroptera,Corixidae,Trichocorixa,,0,3,0,0,0,0,0,3,0,0,0,3,0,3,0,3,0,0,3,0,3,0,0,0,0,0,0,0,0,0,0,3,0,2,3,0,0,3,0,0
Heteroptera,Gerridae,Aquarius,"Gerris najas, Gerris cinereus",0,0,0,3,0,0,0,3,2,0,1,3,1,2,0,3,0,0,3,2,0,3,0,0,0,0,0,0,0,0,0,3,0,0,3,0,0,3,0,0
Heteroptera,Gerridae,Gerris,,0,0,1,3,0,0,0,2,3,0,2,3,1,2,0,3,0,0,3,0,1,3,0,0,0,0,0,0,0,0,0,3,0,2,2,0,0,3,0,0
Heteroptera,Gerridae,Limnoporus,,0,0,0,3,0,0,0,NA,NA,NA,NA,NA,NA,NA,NA,NA,NA,NA,NA,NA,0,3,0,0,0,0,0,0,0,0,0,3,0,2,2,0,0,3,0,0
Heteroptera,Hebridae,Hebrus,,0,0,0,0,0,0,0,0,0,0,0,0,1,2,1,3,0,0,3,0,3,0,0,0,0,0,0,0,0,0,0,3,0,NA,NA,NA,NA,3,0,0
Heteroptera,Hydrometridae,Hydrometra,,0,0,1,3,0,0,0,3,0,0,3,1,1,3,0,1,0,0,2,2,0,3,0,0,0,0,0,0,0,0,0,3,0,3,0,0,0,3,0,0
Heteroptera,Mesoveliidae,Mesovelia,,0,3,0,0,0,0,0,3,0,0,0,3,0,2,0,1,0,0,3,0,NA,NA,NA,NA,NA,NA,NA,NA,0,0,0,3,0,0,3,0,0,3,0,0
Heteroptera,Naucoridae,Ilyocoris,,0,0,0,3,0,0,0,3,0,0,2,0,0,3,0,3,0,0,3,0,0,3,0,0,0,0,0,0,0,0,0,3,0,NA,NA,NA,NA,3,0,0
Heteroptera,Naucoridae,Naucoris,,0,0,0,3,0,0,0,3,0,0,1,1,1,3,0,2,0,0,3,0,NA,NA,NA,NA,NA,NA,NA,NA,0,0,0,3,0,NA,NA,NA,NA,3,0,0
Heteroptera,Nepidae,Nepa,,0,0,0,3,2,0,0,3,1,0,3,0,1,3,0,2,0,0,3,0,0,0,3,0,0,0,0,0,0,0,0,3,0,3,0,0,0,3,0,0
Heteroptera,Nepidae,Ranatra,,0,0,0,0,3,0,0,2,2,0,3,0,1,3,0,2,0,0,3,0,0,0,0,0,3,0,0,0,0,0,0,3,0,3,0,0,0,3,0,0
Heteroptera,Notonectidae,Anisops,,0,0,3,0,0,0,0,3,0,0,1,1,0,2,0,3,0,0,3,0,0,3,0,0,0,0,0,0,0,0,0,3,0,NA,NA,NA,NA,3,0,0
Heteroptera,Notonectidae,Notonecta,,0,0,0,3,0,0,0,3,2,0,3,0,0,2,0,3,0,0,3,0,0,2,1,0,0,0,0,0,0,0,0,3,0,0,2,3,1,3,0,0
Heteroptera,Notonectidae,Nychia,,0,0,3,0,0,0,0,3,0,0,1,1,0,2,0,3,NA,NA,NA,NA,NA,NA,NA,NA,NA,NA,NA,NA,0,0,0,3,0,NA,NA,NA,NA,3,0,0
Heteroptera,Ochtheridae,Ochterus,,0,3,1,0,0,0,0,3,0,0,3,0,0,0,0,3,NA,NA,NA,NA,NA,NA,NA,NA,NA,NA,NA,NA,0,0,0,3,0,3,0,0,0,3,0,0
Heteroptera,Pleidae,Plea,,1,3,0,0,0,0,0,3,0,0,3,0,0,2,0,2,0,0,3,2,3,0,0,0,0,0,0,0,0,0,0,3,0,2,1,0,0,3,0,0
Heteroptera,Veliidae,Microvelia,,3,0,0,0,0,0,0,3,0,0,2,3,1,2,1,1,0,0,3,0,3,0,0,0,0,0,0,0,0,0,0,3,0,3,3,0,0,3,0,0
Heteroptera,Veliidae,Rhagovelia,,3,0,0,0,0,0,0,3,0,0,2,3,1,2,1,1,0,0,3,0,NA,NA,NA,NA,NA,NA,NA,NA,0,0,0,3,0,NA,NA,NA,NA,3,0,0
Heteroptera,Veliidae,Velia,,0,0,3,0,0,0,0,3,0,0,3,1,1,3,0,1,0,0,3,0,NA,NA,NA,NA,NA,NA,NA,NA,0,0,0,3,0,0,3,0,0,3,0,0
Hirudinoidea,Erpobdellidae,Dina,,0,0,0,0,3,0,0,1,3,1,3,0,1,1,0,0,0,0,0,3,NA,NA,NA,NA,NA,NA,NA,NA,3,0,0,0,0,3,0,0,0,NA,NA,NA
Hirudinoidea,Erpobdellidae,Erpobdella,,0,0,0,0,3,0,0,1,3,1,3,0,1,1,1,0,0,0,1,3,NA,NA,NA,NA,NA,NA,NA,NA,3,0,0,0,0,3,0,0,0,3,1,0
Hirudinoidea,Erpobdellidae,Trocheta,,0,0,0,0,0,0,3,0,3,3,0,0,1,1,1,0,0,0,0,3,NA,NA,NA,NA,NA,NA,NA,NA,3,0,0,0,0,NA,NA,NA,NA,NA,NA,NA
Hirudinoidea,Glossiphoniidae,Batracobdella,,0,0,0,3,0,0,0,0,3,0,3,0,2,1,0,0,0,0,0,3,NA,NA,NA,NA,NA,NA,NA,NA,3,0,0,0,0,3,0,0,0,3,0,0
Hirudinoidea,Glossiphoniidae,Glossiphonia,,0,0,0,3,3,0,0,1,3,0,3,0,1,1,0,0,0,0,1,3,NA,NA,NA,NA,NA,NA,NA,NA,3,0,0,0,0,3,1,0,0,3,0,0
Hirudinoidea,Glossiphoniidae,Haementeria,(=Placobdella),0,0,0,0,1,3,0,0,3,0,3,0,2,1,2,0,NA,NA,NA,NA,NA,NA,NA,NA,NA,NA,NA,NA,3,0,0,0,0,NA,NA,NA,NA,3,0,0
Hirudinoidea,Glossiphoniidae,Helobdella,,0,0,3,1,0,0,0,3,1,0,3,1,1,1,0,0,0,0,3,3,NA,NA,NA,NA,NA,NA,NA,NA,3,0,0,0,0,3,0,0,0,3,0,0
Hirudinoidea,Glossiphoniidae,Hemiclepsis,,0,0,0,3,0,0,0,0,0,0,1,0,3,1,0,0,0,0,3,0,NA,NA,NA,NA,NA,NA,NA,NA,3,0,0,0,0,3,1,0,0,3,0,0
Hirudinoidea,Glossiphoniidae,Theromyzon,,0,0,0,0,3,0,0,0,3,0,3,0,2,1,3,0,0,0,0,3,NA,NA,NA,NA,NA,NA,NA,NA,3,0,0,0,0,0,3,0,0,3,0,0
Hirudinoidea,Hirudidae,Haemopsis,,0,0,0,0,0,3,0,0,3,0,1,0,1,1,1,0,0,0,0,3,NA,NA,NA,NA,NA,NA,NA,NA,3,0,0,0,0,3,0,0,0,3,0,0
Hirudinoidea,Hirudidae,Hirudo,,0,0,0,0,0,3,1,0,3,3,0,0,3,1,1,0,NA,NA,NA,NA,NA,NA,NA,NA,NA,NA,NA,NA,3,0,0,0,0,3,0,0,0,NA,NA,NA
Hirudinoidea,Hirudidae,Limnatis,,0,0,0,0,0,3,1,0,3,3,0,0,3,1,1,0,NA,NA,NA,NA,NA,NA,NA,NA,NA,NA,NA,NA,3,0,0,0,0,NA,NA,NA,NA,NA,NA,NA
Hirudinoidea,Piscicolidae,Piscicola,,0,0,0,0,2,3,0,3,0,0,3,0,3,2,0,0,0,0,3,0,NA,NA,NA,NA,NA,NA,NA,NA,3,0,0,0,0,3,0,0,0,3,0,0
Hydrozoa,Hydridae,Hydra,,0,0,3,2,1,0,0,0,3,0,3,0,3,1,0,0,0,0,2,2,NA,NA,NA,NA,NA,NA,NA,NA,3,0,0,0,0,0,0,0,3,0,0,3
Hymenoptera,Agriotypidae,Agriotypus,,0,0,3,0,0,0,0,3,0,0,3,0,0,0,0,3,NA,NA,NA,NA,NA,NA,NA,NA,NA,NA,NA,NA,0,0,0,0,3,3,0,0,0,NA,NA,NA
Lepidoptera,Pyralidae,Cataclysta,,0,0,0,3,0,0,0,3,0,0,0,3,1,0,0,3,NA,NA,NA,NA,0,1,1,0,0,0,0,0,0,0,0,0,3,NA,NA,NA,NA,3,0,0
Lepidoptera,Pyralidae,Elophila,,0,0,0,3,2,0,0,3,0,0,3,0,0,0,0,3,3,0,0,0,0,3,0,0,0,0,0,0,0,0,0,0,3,NA,NA,NA,NA,3,0,0
Lepidoptera,Pyralidae,Nymphula,,0,0,0,3,2,0,0,3,0,0,0,3,1,0,0,3,NA,NA,NA,NA,0,1,1,0,0,0,0,0,0,0,0,0,3,NA,NA,NA,NA,3,0,0
Lepidoptera,Pyralidae,Parapoynx,,0,0,0,3,2,0,0,3,0,0,2,0,0,0,0,3,NA,NA,NA,NA,0,0,3,0,0,0,0,0,0,0,0,0,3,NA,NA,NA,NA,3,0,0
Megaloptera,Sialidae,Sialis,,0,0,0,3,2,0,0,0,3,3,1,0,0,2,0,1,0,3,0,0,0,0,3,2,1,0,0,0,0,0,0,0,3,0,3,1,0,3,0,0
Nematoda,Mermithidae,Mermithidae,,0,0,0,3,0,0,0,1,1,0,3,0,2,1,1,0,NA,NA,NA,NA,NA,NA,NA,NA,NA,NA,NA,NA,3,0,0,0,0,0,0,0,3,NA,NA,NA
Nematomorpha,Gordiidae,Gordiacae,,0,0,0,0,0,0,3,3,1,1,1,3,3,1,1,0,NA,NA,NA,NA,NA,NA,NA,NA,NA,NA,NA,NA,3,0,0,0,0,NA,NA,NA,NA,NA,NA,NA
Odonata,Aeshnidae,Aeshna,,0,0,0,0,2,3,0,1,3,3,1,0,1,1,0,3,0,0,2,3,0,0,0,0,0,0,3,0,0,0,0,0,3,0,3,1,0,3,0,0
Odonata,Aeshnidae,Anax,,0,0,0,0,0,3,0,2,2,1,3,0,0,1,0,3,0,0,3,0,0,0,0,0,0,0,3,0,0,0,0,0,3,0,3,0,0,3,0,0
Odonata,Aeshnidae,Boyeria,,0,0,0,0,3,1,0,0,3,3,0,0,2,0,0,3,0,0,3,0,0,0,0,0,0,0,3,0,0,0,0,0,3,NA,1,1,1,3,0,0
Odonata,Aeshnidae,Brachytron,,0,0,0,0,3,0,0,0,3,3,0,0,1,1,0,2,0,3,1,0,0,0,0,0,0,3,0,0,0,0,0,0,3,NA,NA,NA,NA,3,0,0
Odonata,Aeshnidae,Caliaeschna,,0,0,0,0,2,2,0,1,3,3,1,0,1,1,0,3,0,2,2,0,0,0,0,0,0,0,2,2,0,0,0,0,3,NA,NA,NA,NA,3,0,0
Odonata,Calopterygidae,Calopteryx,(=Agrion),0,0,0,1,3,1,0,2,2,1,3,0,2,1,0,2,0,2,1,0,0,0,0,0,0,3,0,0,0,0,0,0,3,0,3,0,0,3,0,0
Odonata,Coenagrionidae,Coenagrion,,0,0,0,3,0,0,0,3,1,1,3,1,2,1,0,3,0,2,1,0,0,0,0,3,0,0,0,0,0,0,0,0,3,0,3,1,0,3,0,0
Odonata,Coenagrionidae,Enallagma,,0,0,0,3,0,0,0,2,1,1,3,0,1,1,0,3,0,2,1,0,0,0,0,2,2,0,0,0,0,0,0,0,3,0,3,1,0,3,0,0
Odonata,Coenagrionidae,Erythromma,Cercion lindelii,0,0,0,3,3,0,0,1,3,2,2,1,0,1,0,3,0,2,1,0,0,0,0,2,2,0,0,0,0,0,0,0,3,0,3,1,0,3,0,0
Odonata,Coenagrionidae,Ischnura,,0,0,0,3,0,0,0,3,0,0,2,2,1,1,0,3,0,2,1,0,0,0,0,2,2,0,0,0,0,0,0,0,3,0,3,2,0,3,0,0
Odonata,Coenagrionidae,Pyrrhosoma,,0,0,0,3,0,0,0,3,2,2,2,1,2,1,0,3,0,2,1,0,0,0,0,0,3,0,0,0,0,0,0,0,3,0,3,2,0,3,0,0
Odonata,Cordulegastridae,Cordulegaster,,0,0,0,0,2,3,0,0,3,3,0,0,2,0,0,3,0,0,3,0,0,0,0,0,0,0,2,2,0,0,0,0,3,0,2,2,0,3,0,0
Odonata,Corduliidae,Cordulia,,0,0,0,0,3,0,0,1,3,2,1,0,0,1,0,3,0,0,3,0,0,0,0,0,0,3,0,0,0,0,0,0,3,0,3,0,0,3,0,0
Odonata,Corduliidae,Epitheca,,0,0,0,0,3,0,0,0,3,3,0,0,0,1,0,3,0,0,3,0,0,0,0,0,0,2,2,0,0,0,0,0,3,0,3,0,0,3,0,0
Odonata,Corduliidae,Oxygastra,,0,0,0,1,3,0,0,0,3,3,0,0,2,0,0,3,0,0,3,0,0,0,0,0,0,3,0,0,0,0,0,0,3,NA,NA,NA,NA,3,0,0
Odonata,Corduliidae,Somatochlora,,0,0,0,2,3,0,0,0,3,3,0,0,0,1,0,3,0,0,3,0,0,0,0,0,0,3,0,0,0,0,0,0,3,NA,NA,NA,NA,3,0,0
Odonata,Euphaeidae,Epallage,,0,0,0,1,3,1,0,2,2,1,3,0,2,1,0,2,0,0,3,0,0,0,0,0,0,3,0,0,0,0,0,0,3,NA,NA,NA,NA,3,0,0
Odonata,Gomphidae,Gomphus,,0,0,0,0,3,0,0,0,3,3,0,0,2,0,0,3,0,0,3,0,0,0,0,0,2,2,0,0,0,0,0,0,3,0,0,1,3,3,0,0
Odonata,Gomphidae,Lindenia,,0,0,0,0,3,0,0,0,3,2.25,1.25,0,2.25,0.5,0,3,0,0,3,0,0,0,0,0,0,3,0,0,0,0,0,0,3,NA,NA,NA,NA,3,0,0
Odonata,Gomphidae,Onychogomphus,,0,0,0,0,3,0,0,0,3,3,1,0,2,1,0,3,0,0,3,0,0,0,0,0,2,2,0,0,0,0,0,0,3,0,1,3,0,3,0,0
Odonata,Gomphidae,Ophiogomphus,,0,0,0,0,3,0,0,0,3,3,1,0,2,0,0,3,0,0,3,0,0,0,0,0,0,3,0,0,0,0,0,0,3,NA,NA,NA,NA,3,0,0
Odonata,Gomphidae,Paragomphus,(=Mesogomphus),0,0,0,0,3,0,0,0,3,0,3,0,3,1,0,3,0,3,0,0,0,0,0,0,3,0,0,0,0,0,0,0,3,NA,NA,NA,NA,3,0,0
Odonata,Lestidae,Chalcolestes,,0,0,0,0,3,0,0,1,0,0,3,1,1,1,0,3,0,0,3,0,0,0,0,0,3,0,0,0,0,0,0,0,3,0,3,0,0,3,0,0
Odonata,Lestidae,Lestes,,0,0,0,1,3,0,0,1,0,0,3,1,0,1,0,3,0,0,3,0,0,0,0,0,3,0,0,0,0,0,0,0,3,0,2,1,0,3,0,0
Odonata,Lestidae,Sympecma,,0,0,0,3,0,0,0,1,2,0,1,2,0,1,0,3,0,0,3,3,0,0,0,0,3,0,0,0,0,0,0,0,3,NA,NA,NA,NA,3,0,0
Odonata,Libellulidae,Crocothemis,,0,0,0,3,0,0,0,1,0,0,1,2,0,1,0,3,0,0,3,0,0,0,0,0,2,1,0,0,0,0,0,0,3,0,0,1,3,3,0,0
Odonata,Libellulidae,Diplacodes,,0,0,0,2.33333333,1,0,0,1.33333333,1,0,1,3,0.66666667,0.66666667,0,3,0,3,0,0,0,0,0,0,3,0,0,0,0,0,0,0,3,NA,NA,NA,NA,3,0,0
Odonata,Libellulidae,Leucorrhinia,,0,0,0,2,3,0,0,0,3,3,0,0,0,0,0,3,0,1,3,0,0,0,0,0,2,2,0,0,0,0,0,0,3,0,0,3,0,3,0,0
Odonata,Libellulidae,Libellula,,0,0,0,0,3,0,0,1,3,3,1,0,0,1,0,3,0,0,3,0,0,0,0,0,0,3,0,0,0,0,0,0,3,0,1,2,2,3,0,0
Odonata,Libellulidae,Orthetrum,,0,0,0,1,3,0,0,0,3,3,0,0,1,1,0,3,0,0,3,0,0,0,0,0,0,3,0,0,0,0,0,0,3,0,0,1,3,3,0,0
Odonata,Libellulidae,Sympetrum,,0,0,0,3,0,0,0,3,0,0,3,1,1,0,0,3,0,0,3,0,0,0,0,0,2,1,0,0,0,0,0,0,3,0,1,3,0,3,0,0
Odonata,Libellulidae,Trithemis,,0,0,0,1.75,1.5,0,0,1.25,1.5,1.5,1,1,0.5,0.75,0,3,0,0,3,0,0,0,0,0,0,3,0,0,0,0,0,0,3,0,1,3,0,3,0,0
Odonata,Platycnemididae,Platycnemis,,0,0,0,3,0,0,0,0,2,2,3,0,1,1,0,3,0,3,0,0,0,0,0,0,3,0,0,0,0,0,0,0,3,0,3,0,0,3,0,0
Oligochaeta,Haplotaxidae,Haplotaxis,,0,0,0,0,0,0,3,0,0,0,3,0,1,1,0,0,0,0,0,3,NA,NA,NA,NA,NA,NA,NA,NA,NA,NA,NA,NA,NA,3,0,0,0,3,0,0
Oligochaeta,Naididae,Pristina/Pristinella,,0,3,1,0,0,0,0,0,1,0,0,3,1,1,0,0,0,0,3,1,NA,NA,NA,NA,NA,NA,NA,NA,NA,NA,NA,NA,NA,3,0,0,0,3,1,0
Oligochaeta,Naididae,Amphichaeta,,3,3,0,0,0,0,0,0,1,0,0,3,2,0,0,0,0,0,3,1,NA,NA,NA,NA,NA,NA,NA,NA,NA,NA,NA,NA,NA,3,1,0,0,3,1,0
Oligochaeta,Naididae,Chaetogaster,,3,3,3,3,1,0,0,0,1,0,0,3,2,1,0,0,0,0,3,1,NA,NA,NA,NA,NA,NA,NA,NA,NA,NA,NA,NA,NA,3,1,0,0,3,1,0
Oligochaeta,Naididae,Stylaria,,0,0,0,3,0,0,0,0,1,0,0,3,2,2,0,0,0,0,3,1,NA,NA,NA,NA,NA,NA,NA,NA,NA,NA,NA,NA,NA,3,0,0,0,3,1,1
Oligochaeta,Naididae,Dero / Aulophorus,,0,3,3,3,3,0,0,0,1,0,0,3,1,1,0,0,0,0,3,1,NA,NA,NA,NA,NA,NA,NA,NA,NA,NA,NA,NA,NA,3,0,0,0,3,1,0
Oligochaeta,Naididae,Ophidonais,,0,0,0,3,3,0,0,0,1,0,0,3,2,0,0,0,0,0,3,1,NA,NA,NA,NA,NA,NA,NA,NA,NA,NA,NA,NA,NA,3,0,0,0,3,1,1
Oligochaeta,Naididae,Paranais,,0,3,3,2,0,0,0,0,1,0,0,3,2,0,0,0,0,0,3,1,NA,NA,NA,NA,NA,NA,NA,NA,NA,NA,NA,NA,NA,3,0,0,0,3,1,0
Oligochaeta,Naididae,Nais,,2,3,3,2,0,0,0,0,1,0,0,3,2,1,0,0,0,0,3,1,NA,NA,NA,NA,NA,NA,NA,NA,NA,NA,NA,NA,NA,3,0,0,0,3,1,0
Oligochaeta,Naididae,Slavina,,0,0,0,3,0,0,0,0,1,0,0,3,1,0,0,0,0,0,3,1,NA,NA,NA,NA,NA,NA,NA,NA,NA,NA,NA,NA,NA,3,0,0,0,3,1,0
Oligochaeta,Naididae,Vejdovskiella,,0,1,3,0,0,0,0,0,1,0,0,3,2,0,0,0,0,0,3,1,NA,NA,NA,NA,NA,NA,NA,NA,NA,NA,NA,NA,NA,3,0,0,0,3,1,0
Oligochaeta,Naididae,Specaria,,0,0,3,0,0,0,0,0,1,0,0,3,2,0,0,0,0,0,3,1,NA,NA,NA,NA,NA,NA,NA,NA,NA,NA,NA,NA,NA,3,0,0,0,3,3,0
Oligochaeta,Naididae,Piguetiella,,0,0,3,0,0,0,0,0,1,0,0,3,1,0,0,0,0,0,3,1,NA,NA,NA,NA,NA,NA,NA,NA,NA,NA,NA,NA,NA,3,0,0,0,3,0,0
Oligochaeta,Naididae,Uncinais,,0,0,1,3,0,0,0,0,1,0,0,3,1,0,0,0,0,0,3,1,NA,NA,NA,NA,NA,NA,NA,NA,NA,NA,NA,NA,NA,NA,NA,NA,NA,3,1,0
Oligochaeta,Naididae,Ripistes,,1,3,3,0,0,0,0,0,1,0,0,3,1,0,0,0,0,0,3,1,NA,NA,NA,NA,NA,NA,NA,NA,NA,NA,NA,NA,NA,NA,NA,NA,NA,3,1,0
Oligochaeta,Tubificidae,Branchiura,,0,0,0,0,0,3,3,0,1,0,0,3,1,0,0,0,0,0,0,3,NA,NA,NA,NA,NA,NA,NA,NA,NA,NA,NA,NA,NA,3,2,0,0,3,1,0
Oligochaeta,Tubificidae,other Tubificidae (ASC = with capillary setae),,0,0,1,3,3,3,0,0,1,0,0,3,1,0,0,0,0,0,0,3,NA,NA,NA,NA,NA,NA,NA,NA,NA,NA,NA,NA,NA,3,2,0,0,3,1,0
Oligochaeta,Tubificidae,Potamothrix,,0,0,0,3,3,3,0,0,1,0,0,3,1,0,0,0,0,0,0,3,NA,NA,NA,NA,NA,NA,NA,NA,NA,NA,NA,NA,NA,3,2,0,0,3,1,0
Oligochaeta,Tubificidae,other Tubificidae (SSC = without capillary setae),,0,0,1,3,3,3,0,0,1,0,0,3,1,0,0,0,0,0,0,3,NA,NA,NA,NA,NA,NA,NA,NA,NA,NA,NA,NA,NA,3,2,0,0,3,1,0
Oligochaeta,Enchytraeidae,Enchytraeidae,,0,0,3,3,3,0,0,0,1,0,0,3,2,0,0,0,0,0,0,3,NA,NA,NA,NA,NA,NA,NA,NA,NA,NA,NA,NA,NA,3,2,0,0,3,1,0
Oligochaeta,Propappidae,Propappus,,0,0,1,3,0,0,0,0,1,0,0,3,2,0,0,0,0,0,0,3,NA,NA,NA,NA,NA,NA,NA,NA,NA,NA,NA,NA,NA,3,2,0,0,3,0,0
Oligochaeta,Lumbriculidae,Stylodrilus,,0,0,0,3,3,3,0,0,1,0,0,3,1,0,0,0,0,0,0,3,NA,NA,NA,NA,NA,NA,NA,NA,NA,NA,NA,NA,NA,3,2,0,0,3,0,0
Oligochaeta,Lumbriculidae,other Lumbriculidae,,0,0,0,1,3,3,3,0,1,0,0,3,1,0,0,0,0,0,0,3,NA,NA,NA,NA,NA,NA,NA,NA,NA,NA,NA,NA,NA,3,2,0,0,3,0,0
Oligochaeta,Dorydrilidae,Dorydrilus,,0,0,3,3,0,0,0,0,1,0,0,3,2,0,0,0,0,0,0,3,NA,NA,NA,NA,NA,NA,NA,NA,NA,NA,NA,NA,NA,3,2,0,0,3,0,0
Oligochaeta,Lumbricidae,Eiseniella,,0,0,0,0,0,3,0,0,1,0,3,0,2,0,0,0,0,0,0,3,NA,NA,NA,NA,NA,NA,NA,NA,NA,NA,NA,NA,NA,3,1,0,0,3,0,0
Oligochaeta,Lumbricidae,Dendrobaena,,0,0,0,0,0,3,0,0,1,0,3,0,2,0,0,0,0,0,0,3,NA,NA,NA,NA,NA,NA,NA,NA,NA,NA,NA,NA,NA,3,1,0,0,3,0,0
Oligochaeta,Sparganophilidae,Sparganophilus,,0,0,0,0,0,0,3,0,1,0,0,0,1,1,0,0,0,0,0,3,NA,NA,NA,NA,NA,NA,NA,NA,NA,NA,NA,NA,NA,NA,NA,NA,NA,NA,NA,NA
Oligochaeta,Branchiobdellidae,Branchiobdella,,0,3,2,0,0,0,0,0,1,0,0,0,1,1,0,0,0,0,0,3,NA,NA,NA,NA,NA,NA,NA,NA,NA,NA,NA,NA,NA,NA,NA,NA,NA,NA,NA,NA
Neuroptera,Osmylidae,Osmylus,,0,0,0,3,0,0,0,3,0,0,3,1,0,0,0,1,0,2,3,0,0,0,0,3,3,0,0,0,0,0,0,0,3,3,0,0,0,3,0,0
Neuroptera,Sisyridae,Sisyra,,0,3,0,0,0,0,0,3,0,0,2,2,2,2,0,2,0,1,3,0,3,3,0,0,0,0,0,0,0,0,0,0,3,3,0,0,0,3,0,0
Plecoptera,Capniidae,Capnia,,0,0,3,0,0,0,0,3,0,0,3,0,1,2,0,1,0,2,2,0,1,3,0,0,0,0,0,0,0,0,0,0,3,0,3,0,0,1,1,2
Plecoptera,Capniidae,Capnioneura,,0,1,3,0,0,0,0,1,2,2,1,0,2,2,0,2,1,2,0,0,1,3,0,0,0,0,0,0,0,0,0,0,3,0,3,0,0,3,0,0
Plecoptera,Capniidae,Capnopsis,,0,0,3,0,0,0,0,3,0,0,3,0,2,2,0,1,NA,NA,NA,NA,0,3,0,0,0,0,0,0,0,0,0,0,3,NA,NA,NA,NA,3,0,0
Plecoptera,Capniidae,Mesocapnia,,NA,NA,NA,NA,NA,NA,NA,NA,NA,NA,NA,NA,NA,NA,NA,NA,NA,NA,NA,NA,NA,NA,NA,NA,NA,NA,NA,NA,NA,NA,NA,NA,NA,0,3,0,0,NA,NA,NA
Plecoptera,Capniidae,Zwicknia,including the former Capnia bifrons,0,0,3,1,0,0,0,3,0,0,3,0,2,2,0,1,0,1,3,0,0,3,0,0,0,0,0,0,0,0,0,0,3,0,3,0,0,1,1,2
Plecoptera,Chloroperlidae,Chloroperla,,0,0,3,0,0,0,0,1,3,3,1,0,3,2,0,1,0,2,2,0,0,1,0,0,0,0,0,0,0,0,0,0,3,3,0,0,0,3,0,0
Plecoptera,Chloroperlidae,Isoptena,,0,0,3,1,0,0,0,3,0,0,3,0,NA,NA,NA,NA,0,3,0,0,0,3,1,0,0,0,0,0,0,0,0,0,3,3,0,0,0,3,0,0
Plecoptera,Chloroperlidae,Siphonoperla,including the former Chloroperla torrentium,0,0,3,2,0,0,0,2,1,1,2,0,2,2,0,1,0,3,0,0,0,3,1,0,0,0,0,0,0,0,0,0,3,3,0,0,0,3,0,0
Plecoptera,Chloroperlidae,Xanthoperla,including the former Chloroperla apicalis,0,0,3,0,0,0,0,3,0,1,3,0,2,2,0,1,NA,NA,NA,NA,0,3,0,0,0,0,0,0,0,0,0,0,3,0,3,0,0,3,0,0
Plecoptera,Leuctridae,Leuctra,Euleuctra,0,0,3,1,0,0,0,3,1,1,3,0,2,2,0,1,0,2,3,0,1,3,1,0,0,0,0,0,0,0,0,0,3,1,3,2,0,2,3,1
Plecoptera,Leuctridae,Pachyleuctra,,0,0,0,3,0,0,0,0,3,3,0,0,1,1,0,1,NA,NA,NA,NA,0,3,1,0,0,0,0,0,0,0,0,0,3,NA,NA,NA,NA,NA,NA,NA
Plecoptera,Leuctridae,Tyrrhenoleuctra,,0,3,1,0,0,0,0,3,0,0,3,0,2,2,0,1,NA,NA,NA,NA,1,3,0,0,0,0,0,0,0,0,0,0,3,NA,NA,NA,NA,NA,NA,NA
Plecoptera,Nemouridae,Amphinemura,,0,1,3,0,0,0,0,3,0,0,3,0,2,2,0,1,0,0,3,0,1,3,0,0,0,0,0,0,0,0,0,0,3,0,2,2,0,2,2,2
Plecoptera,Nemouridae,Nemoura,,0,1,3,0,0,0,0,2,2,2,2,0,2,2,0,2,0,0,3,0,0,3,1,0,0,0,0,0,0,0,0,0,3,0,2,3,0,1,3,1
Plecoptera,Nemouridae,Nemurella,,0,0,3,0,0,0,0,3,1,1,3,0,3,2,0,1,0,3,0,0,0,3,0,0,0,0,0,0,0,0,0,0,3,0,3,0,0,1,2,1
Plecoptera,Nemouridae,Protonemura,,0,0,3,1,0,0,0,3,0,0,3,0,2,2,0,1,0,3,3,0,0,3,2,0,0,0,0,0,0,0,0,0,3,0,1,3,0,1,2,1
Plecoptera,Perlidae,Agnetina,,NA,NA,NA,NA,NA,NA,NA,NA,NA,NA,NA,NA,NA,NA,NA,NA,NA,NA,NA,NA,NA,NA,NA,NA,NA,NA,NA,NA,NA,NA,NA,NA,NA,0,3,0,0,NA,NA,NA
Plecoptera,Perlidae,Dinocras,including the former Perla cephalotes,0,0,0,0,3,0,0,0,3,3,0,0,1,2,0,1,0,3,0,0,0,0,0,0,3,0,0,0,0,0,0,0,3,0,3,2,0,3,0,0
Plecoptera,Perlidae,Eoperla,including the former Perla nigritarsis,0,0,0,3,0,0,0,0,3,3,0,0,1,2,0,1,NA,NA,NA,NA,0,0,0,3,0,0,0,0,0,0,0,0,3,NA,NA,NA,NA,3,0,0
Plecoptera,Perlidae,Helenoperla,,0,0,0,0,3,0,0,NA,NA,NA,NA,NA,NA,NA,NA,NA,NA,NA,NA,NA,0,0,0,0,3,0,0,0,NA,NA,NA,NA,NA,NA,NA,NA,NA,NA,NA,NA
Plecoptera,Perlidae,Marthamea,including the former Perla vitripennis,0,0,0,3,1,0,0,0,3,3,0,0,1,2,0,1,0,3,0,0,0,0,0,3,1,0,0,0,0,0,0,0,3,0,3,0,0,3,0,0
Plecoptera,Perlidae,Perla,,0,0,0,1,3,0,0,0,3,3,0,0,1,2,0,1,0,3,0,0,0,0,0,0,3,1,0,0,0,0,0,0,3,0,3,3,0,3,0,0
Plecoptera,Perlodidae,Arcynopteryx,,0,0,0,3,0,0,0,0,3,3,0,0,2,2,0,1,0,3,0,0,0,2,3,1,0,0,0,0,0,0,0,0,3,NA,NA,NA,NA,3,0,0
Plecoptera,Perlodidae,Besdolus,including the former Dictyogenus imhoffi and Dictyogenus ventralis,0,0,0,0,3,0,0,3,0,0,3,0,1,1,1,2,0,3,0,0,0,0,0,3,0,0,0,0,0,0,0,0,3,3,0,0,0,NA,NA,NA
Plecoptera,Perlodidae,Bulgaroperla,,NA,NA,NA,NA,NA,NA,NA,NA,NA,NA,NA,NA,NA,NA,NA,NA,NA,NA,NA,NA,0,0,0,3,0,0,0,0,NA,NA,NA,NA,NA,NA,NA,NA,NA,NA,NA,NA
Plecoptera,Perlodidae,Dictyogenus,,0,0,0,3,1,0,0,0,3,3,0,0,1,2,0,1,NA,NA,NA,NA,0,0,0,3,1,0,0,0,0,0,0,0,3,NA,NA,NA,NA,3,0,0
Plecoptera,Perlodidae,Diura,,0,0,0,1,2,0,0,1,3,3,2,0,1,2,0,1,0,3,0,0,0,1,3,1,0,0,0,0,0,0,0,0,3,0,3,1,0,3,0,0
Plecoptera,Perlodidae,Guadalgenus,,0,0,0,3,0,0,0,0,3,3,0,0,1,2,0,1,NA,NA,NA,NA,0,0,2,2,0,0,0,0,0,0,0,0,3,NA,NA,NA,NA,3,0,0
Plecoptera,Perlodidae,Hemimelaena,,0,0,0,3,0,0,0,3,0,0,3,0,2,2,0,1,NA,NA,NA,NA,0,0,3,0,0,0,0,0,0,0,0,0,3,0,3,0,0,3,0,0
Plecoptera,Perlodidae,Isogenus,,0,0,0,3,1,0,0,0,3,3,0,0,1,2,0,1,0,1,3,0,0,0,0,3,0,0,0,0,0,0,0,0,3,0,3,0,0,3,0,0
Plecoptera,Perlodidae,Isoperla,,0,0,1,3,0,0,0,1,3,2,3,0,2,2,0,2,0,1,3,0,0,1,3,0,0,0,0,0,0,0,0,0,3,0,3,0,0,2,2,0
Plecoptera,Perlodidae,Perlodes,,0,0,0,1,3,0,0,0,3,1,3,0,1,2,0,1,0,3,0,0,0,0,1,3,0,0,0,0,0,0,0,0,3,0,3,0,0,3,2,0
Plecoptera,Taeniopterygidae,Brachyptera,,0,0,1,3,0,0,0,3,0,0,3,0,2,2,0,1,0,0,3,0,0,1,3,0,0,0,0,0,0,0,0,0,3,0,2,2,0,2,3,0
Plecoptera,Taeniopterygidae,Oemopteryx,,NA,NA,NA,NA,NA,NA,NA,NA,NA,NA,NA,NA,NA,NA,NA,NA,NA,NA,NA,NA,0,0,3,0,0,0,0,0,NA,NA,NA,NA,NA,NA,NA,NA,NA,NA,NA,NA
Plecoptera,Taeniopterygidae,Rhabdiopteryx,,0,0,3,3,0,0,0,3,0,0,3,0,2,2,0,1,0,3,2,0,0,2,2,0,0,0,0,0,0,0,0,0,3,0,3,0,0,2,2,0
Plecoptera,Taeniopterygidae,Taeniopteryx,,0,0,1,3,0,0,0,3,0,0,3,0,2,2,0,1,0,3,0,0,0,0,3,0,0,0,0,0,0,0,0,0,3,0,3,2,0,2,0,0
Porifera,Spongillidae,Heteromyenia,,0,0,0,0,2,1,1,3,0,0,3,0,3,0,0,0,NA,NA,NA,NA,NA,NA,NA,NA,NA,NA,NA,NA,3,0,0,0,0,NA,NA,NA,NA,0,2,0
Prosobranchia,Bithyniidae,Bithynia,,0,0,3,1,0,0,0,3,3,0,3,0,2,1,0,0,0,0,3,3,NA,NA,NA,NA,NA,NA,NA,NA,3,0,0,0,0,1,3,0,0,3,0,0
Prosobranchia,Hydrobiidae,Belgrandiella,,NA,NA,NA,NA,NA,NA,NA,NA,NA,NA,NA,NA,NA,NA,NA,NA,NA,NA,NA,NA,NA,NA,NA,NA,NA,NA,NA,NA,3,0,0,0,0,NA,NA,NA,NA,NA,NA,NA
Prosobranchia,Hydrobiidae,Bythinella,,0,3,0,0,0,0,0,3,0,0,3,0,3,1,0,0,NA,NA,NA,NA,NA,NA,NA,NA,NA,NA,NA,NA,3,0,0,0,0,0,3,0,0,3,0,0
Prosobranchia,Hydrobiidae,Bythiospeum,,0,3,0,0,0,0,0,3,0,0,3,0,3,1,0,0,0,0,3,1,NA,NA,NA,NA,NA,NA,NA,NA,3,0,0,0,0,3,0,0,0,3,0,0
Prosobranchia,Hydrobiidae,Lithoglyphus,,0,0,3,0,0,0,0,1,3,0,3,0,3,1,0,0,0,0,0,3,NA,NA,NA,NA,NA,NA,NA,NA,3,0,0,0,0,3,0,0,0,NA,NA,NA
Prosobranchia,Hydrobiidae,Mercuria,,0,3,3,0,0,0,0,1,3,0,0,0,2,1,0,0,NA,NA,NA,NA,NA,NA,NA,NA,NA,NA,NA,NA,3,0,0,0,0,NA,NA,NA,NA,NA,NA,NA
Prosobranchia,Hydrobiidae,Potamopyrgus,(=Hydrobia),0,3,2,0,0,0,0,3,1,0,1,3,3,2,2,0,0,0,1,3,NA,NA,NA,NA,NA,NA,NA,NA,3,0,0,0,0,2,2,0,0,3,0,0
Prosobranchia,Hydrobiidae,Pseudoamnicola,,0,0,0,1,3,1,0,2,1,0,1,1,2,1,1,0,NA,NA,NA,NA,NA,NA,NA,NA,NA,NA,NA,NA,3,0,0,0,0,NA,NA,NA,NA,NA,NA,NA
Prosobranchia,Melanopsidae,Esperiana,,0,0,1,3,2,0,0,3,0,0,1,3,2,1,0,0,NA,NA,NA,NA,NA,NA,NA,NA,NA,NA,NA,NA,3,0,0,0,0,NA,NA,NA,NA,NA,NA,NA
Prosobranchia,Melanopsidae,Fagotia,,0,0,1,3,2,0,0,3,0,0,1,3,2,1,0,0,NA,NA,NA,NA,NA,NA,NA,NA,NA,NA,NA,NA,3,0,0,0,0,NA,NA,NA,NA,NA,NA,NA
Prosobranchia,Melanopsidae,Melanopsis,,0,0,1,3,2,0,0,3,0,0,1,3,2,1,0,0,0,0,0,3,NA,NA,NA,NA,NA,NA,NA,NA,3,0,0,0,0,2,2,0,0,3,NA,NA
Prosobranchia,Neritidae,Theodoxus,(=Neritina),0,0,3,1,0,0,0,3,1,0,3,0,2,1,0,0,0,0,0,3,NA,NA,NA,NA,NA,NA,NA,NA,3,0,0,0,0,0,3,0,0,3,0,0
Prosobranchia,Pleuroceridae,Amphimelania,,0,0,2,3,0,0,0,0,0,0,0,0,3,1,0,0,NA,NA,NA,NA,NA,NA,NA,NA,NA,NA,NA,NA,3,0,0,0,0,NA,NA,NA,NA,NA,NA,NA
Prosobranchia,Thiaridae,Melanoides,,0,0,0,0,3,1,0,0,0,0,0,0,3,1,0,0,NA,NA,NA,NA,NA,NA,NA,NA,NA,NA,NA,NA,3,0,0,0,0,NA,NA,NA,NA,NA,NA,NA
Prosobranchia,Valvatidae,Valvata,,0,2,3,0,0,0,0,3,2,0,3,0,2,1,0,0,0,0,2,3,NA,NA,NA,NA,NA,NA,NA,NA,3,0,0,0,0,2,2,0,0,3,0,0
Prosobranchia,Viviparidae,Viviparus,,0,0,0,0,3,0,0,1,3,1,3,0,2,1,0,0,0,0,0,3,NA,NA,NA,NA,NA,NA,NA,NA,3,0,0,0,0,2,2,0,0,3,0,0
Pulmonates,Acroloxidae,Acroloxus,,0,0,3,0,0,0,0,3,0,0,3,0,2,1,0,0,0,0,3,0,NA,NA,NA,NA,NA,NA,NA,NA,3,0,0,0,0,2,2,0,0,3,0,0
Pulmonates,Ancylidae,Ancylus,,0,0,3,3,0,0,0,3,0,0,3,0,2,1,1,0,0,0,3,0,NA,NA,NA,NA,NA,NA,NA,NA,3,0,0,0,0,3,1,0,0,3,0,0
Pulmonates,Ancylidae,Ferrissia,,0,3,0,0,0,0,0,3,0,0,3,0,2,1,1,0,0,0,3,0,NA,NA,NA,NA,NA,NA,NA,NA,3,0,0,0,0,3,0,0,0,NA,NA,NA
Pulmonates,Lymnaeidae,Galba,,0,0,0,3,1,0,0,3,0,0,0,3,2,1,0,0,0,0,3,0,NA,NA,NA,NA,NA,NA,NA,NA,3,0,0,0,0,0,3,2,0,3,0,0
Pulmonates,Lymnaeidae,Lymnaea,,0,0,0,0,3,3,0,3,2,1,3,0,2,2,0,0,0,0,2,2,NA,NA,NA,NA,NA,NA,NA,NA,3,0,0,0,0,0,2,3,1,3,0,0
Pulmonates,Lymnaeidae,Radix,,0,0,0,1,3,0,0,2,3,0,3,0,2,1,0,0,0,0,3,1,NA,NA,NA,NA,NA,NA,NA,NA,3,0,0,0,0,0,2,3,1,3,0,0
Pulmonates,Lymnaeidae,Stagnicola,,0,0,0,0,3,0,0,3,0,0,3,1,2,1,0,0,0,0,3,1,NA,NA,NA,NA,NA,NA,NA,NA,3,0,0,0,0,2,1,0,0,3,0,0
Pulmonates,Physidae,Physa,,0,0,1,3,0,0,0,3,1,0,3,0,2,1,0,0,0,0,3,1,NA,NA,NA,NA,NA,NA,NA,NA,3,0,0,0,0,2,3,0,0,3,0,0
Pulmonates,Physidae,Physella,,0,0,0,3,0,0,0,3,0,0,3,0,2,1,0,0,0,0,3,1,NA,NA,NA,NA,NA,NA,NA,NA,3,0,0,0,0,2,2,0,0,3,0,0
Pulmonates,Planorbidae,Anisus,,0,0,3,2,0,0,0,3,0,0,3,0,2,1,0,0,0,0,3,2,NA,NA,NA,NA,NA,NA,NA,NA,3,0,0,0,0,1,3,0,0,3,0,0
Pulmonates,Planorbidae,Bathyomphalus,(=Anisus),0,3,2,0,0,0,0,3,0,0,3,0,2,1,0,0,0,0,3,2,NA,NA,NA,NA,NA,NA,NA,NA,3,0,0,0,0,1,3,0,0,3,0,0
Pulmonates,Planorbidae,Bulinus,,0,0,1,3,0,0,0,1,3,3,3,1,2,1,0,0,NA,NA,NA,NA,NA,NA,NA,NA,NA,NA,NA,NA,3,0,0,0,0,NA,NA,NA,NA,3,0,0
Pulmonates,Planorbidae,Gyraulus,,0,0,3,0,0,0,0,3,1,0,3,0,2,2,0,0,0,0,2,2,NA,NA,NA,NA,NA,NA,NA,NA,3,0,0,0,0,0,3,0,0,3,0,0
Pulmonates,Planorbidae,Planorbarius,(=Coretus),0,0,0,0,3,0,0,1,3,3,0,0,2,1,0,0,0,0,1,3,NA,NA,NA,NA,NA,NA,NA,NA,3,0,0,0,0,0,1,3,2,3,0,0
Pulmonates,Planorbidae,Planorbis,(Menetus?),0,0,0,3,0,0,0,3,0,0,3,1,2,1,0,0,0,0,2,3,NA,NA,NA,NA,NA,NA,NA,NA,3,0,0,0,0,0,1,3,2,3,0,0
Pulmonates,Planorbidae,Segmentina,,0,0,3,0,0,0,0,3,0,0,3,0,2,1,0,0,NA,NA,NA,NA,NA,NA,NA,NA,NA,NA,NA,NA,3,0,0,0,0,1,3,0,0,3,0,0
Pulmonates,Succineidae,Succinea,,0,0,0,3,1,0,0,3,2,1,3,0,2,2,0,0,0,2,2,0,NA,NA,NA,NA,NA,NA,NA,NA,3,0,0,0,0,0,3,0,0,NA,NA,NA
Trichoptera,Beraeidae,Beraea,,0,1,3,0,0,0,0,3,0,0,3,0,0,1,1,1,NA,NA,NA,NA,2,2,0,0,0,0,0,0,0,0,0,0,3,NA,NA,NA,NA,NA,NA,NA
Trichoptera,Beraeidae,Beraeamyia,,0,0,3,0,0,0,0,2,0,0,3,0,0,1,1,1,NA,NA,NA,NA,0,3,0,0,0,0,0,0,0,0,0,0,3,NA,NA,NA,NA,NA,NA,NA
Trichoptera,Beraeidae,Beraeodes,,0,1,3,0,0,0,0,2,0,0,3,0,0,1,1,1,1,3,0,0,3,0,0,0,0,0,0,0,0,0,0,0,3,2,3,0,0,3,0,0
Trichoptera,Beraeidae,Ernodes,,0,1,3,0,0,0,0,2,1,0,0,0,0,1,1,1,NA,NA,NA,NA,3,2,0,0,0,0,0,0,0,0,0,0,3,NA,NA,NA,NA,NA,NA,NA
Trichoptera,Brachycentridae,Brachycentrus,,0,0,1,3,0,0,0,3,0,0,3,0,0,1,1,2,0,3,0,0,0,1,3,0,0,0,0,0,0,0,0,0,3,2,2,0,0,2,2,0
Trichoptera,Brachycentridae,Micrasema,,0,1,3,0,0,0,0,2,1,1,2,0,0,1,1,2,0,3,0,0,0,3,0,0,0,0,0,0,0,0,0,0,3,0,3,0,0,3,2,0
Trichoptera,Brachycentridae,Oligoplectrum,,0,0,3,0,0,0,0,3,0,0,3,0,0,1,1,2,0,3,0,0,0,0,1,0,0,0,0,0,0,0,0,0,3,0,3,0,0,2,2,0
Trichoptera,Calamoceratidae,Calamoceras,,0,0,0,3,1,0,0,2,0,0,2,0,0,0,1,1,NA,NA,NA,NA,0,0,2,1,0,0,0,0,0,0,0,0,3,NA,NA,NA,NA,NA,NA,NA
Trichoptera,Ecnomidae,Ecnomus,,0,0,3,0,0,0,0,3,0,0,3,1,1,1,1,1,1,3,0,0,0,3,0,0,0,0,0,0,0,0,0,0,3,0,3,0,0,3,0,0
Trichoptera,Glossosomatidae,Agapetus,,0,0,3,0,0,0,0,3,0,0,3,1,1,2,1,1,2,3,0,0,3,1,0,0,0,0,0,0,0,0,0,0,3,0,2,1,0,3,1,0
Trichoptera,Glossosomatidae,Catagapetus,,0,0,3,0,0,0,0,3,0,0,3,0,1,1,1,1,NA,NA,NA,NA,3,3,0,0,0,0,0,0,0,0,0,0,3,NA,NA,NA,NA,3,0,0
Trichoptera,Glossosomatidae,Glossosoma,,0,0,3,1,0,0,0,3,0,0,2,1,1,2,1,1,2,3,0,0,0,3,0,0,0,0,0,0,0,0,0,0,3,3,3,0,0,3,0,0
Trichoptera,Glossosomatidae,Synagapetus,,0,0,3,0,0,0,0,3,1,1,3,0,1,2,1,1,1,3,0,0,2,2,0,0,0,0,0,0,0,0,0,0,3,1,3,0,0,3,0,0
Trichoptera,Goeridae,Goera,,0,0,0,3,0,0,0,3,0,0,3,0,1,1,1,2,1,3,0,0,0,1,3,0,0,0,0,0,0,0,0,0,3,0,3,0,0,3,0,0
Trichoptera,Goeridae,Lithax,,0,0,3,1,0,0,0,1,0,0,0,0,1,1,1,2,1,3,0,0,0,3,1,0,0,0,0,0,0,0,0,0,3,0,3,0,0,NA,NA,NA
Trichoptera,Goeridae,Silo,,0,0,3,1,0,0,0,3,0,0,3,0,1,1,1,2,1,3,0,0,0,2,2,0,0,0,0,0,0,0,0,0,3,0,3,0,0,3,0,0
Trichoptera,Goeridae,Silonella,,0,0,3,0,0,0,0,1,0,0,0,0,1,1,1,2,NA,NA,NA,NA,0,3,0,0,0,0,0,0,0,0,0,0,3,NA,NA,NA,NA,NA,NA,NA
Trichoptera,Helicopsychidae,Helicopsyche,,0,0,3,0,0,0,0,3,0,0,3,0,0,0,1,1,0,3,0,0,2,2,0,0,0,0,0,0,0,0,0,0,3,0,3,0,0,1,0,0
Trichoptera,Hydropsychidae,Cheumatopsyche,,0,0,3,1,0,0,0,3,0,0,3,2,3,1,1,3,0,3,0,0,0,3,0,0,0,0,0,0,0,0,0,0,3,1,3,0,0,2,2,0
Trichoptera,Hydropsychidae,Diplectrona,,0,0,3,0,0,0,0,3,1,1,3,0,3,1,1,3,0,3,0,0,0,3,0,0,0,0,0,0,0,0,0,0,3,0,3,0,0,2,0,0
Trichoptera,Hydropsychidae,Hydropsyche,,0,0,1,3,1,0,0,3,0,0,2,2,3,2,1,3,0,3,0,0,0,2,3,1,0,0,0,0,0,0,0,0,3,0,3,0,0,1,3,2
Trichoptera,Hydroptilidae,Agraylea,,0,3,1,0,0,0,0,3,0,0,1,3,1,1,1,1,3,1,0,0,1,0,0,0,0,0,0,0,0,0,0,0,3,1,3,0,0,3,1,0
Trichoptera,Hydroptilidae,Allotrichia,,0,3,2,0,0,0,0,3,0,0,1,3,1,1,1,1,3,1,0,0,1,0,0,0,0,0,0,0,0,0,0,0,3,0,3,0,0,3,1,0
Trichoptera,Hydroptilidae,Hydroptila,,0,3,1,0,0,0,0,3,0,0,2,3,1,1,2,1,3,1,0,0,3,0,0,0,0,0,0,0,0,0,0,0,3,2,2,0,0,2,2,0
Trichoptera,Hydroptilidae,Ithytrichia,,0,3,0,0,0,0,0,3,0,0,3,0,1,1,2,1,3,1,0,0,3,0,0,0,0,0,0,0,0,0,0,0,3,0,3,0,0,3,1,0
Trichoptera,Hydroptilidae,Orthotrichia,,0,3,0,0,0,0,0,3,0,0,1,3,1,1,2,1,3,1,0,0,3,0,0,0,0,0,0,0,0,0,0,0,3,1,3,0,0,3,1,0
Trichoptera,Hydroptilidae,Oxyethira,,1,3,0,0,0,0,0,3,0,0,1,3,1,1,2,1,3,1,0,0,3,0,0,0,0,0,0,0,0,0,0,0,3,2,3,0,0,3,1,0
Trichoptera,Hydroptilidae,Ptilocolepus,,0,1,3,0,0,0,0,3,0,0,1,1,1,1,2,1,3,1,0,0,3,0,0,0,0,0,0,0,0,0,0,0,3,3,0,0,0,3,1,0
Trichoptera,Lepidostomatidae,Crunoecia,,0,0,3,0,0,0,0,0,3,3,0,0,1,1,1,1,NA,NA,NA,NA,1,3,0,0,0,0,0,0,0,0,0,0,3,NA,NA,NA,NA,3,0,0
Trichoptera,Lepidostomatidae,Lasiocephala,Lepidostoma basale,0,0,0,3,0,0,0,3,0,0,3,0,1,1,1,1,2,1,0,0,0,3,0,0,0,0,0,0,0,0,0,0,3,1,3,0,0,3,0,0
Trichoptera,Lepidostomatidae,Lepidostoma,,0,0,3,1,0,0,0,3,1,0,3,1,1,1,1,2,2,1,0,0,0,3,1,0,0,0,0,0,0,0,0,0,3,1,3,0,0,3,1,0
Trichoptera,Leptoceridae,Adicella,,0,0,3,0,0,0,0,3,0,0,3,0,1,1,1,2,NA,NA,NA,NA,1,1,0,0,0,0,0,0,0,0,0,0,3,NA,NA,NA,NA,3,0,0
Trichoptera,Leptoceridae,Athripsodes,,0,0,2,2,0,0,0,3,0,0,3,0,2,1,1,3,2,2,0,0,0,3,1,0,0,0,0,0,0,0,0,0,3,0,3,0,0,3,0,0
Trichoptera,Leptoceridae,Ceraclea,Ceraclea + Homilia,0,0,2,3,0,0,0,3,1,0,3,1,2,1,1,3,2,2,0,0,0,2,2,0,0,0,0,0,0,0,0,0,3,0,3,0,0,3,0,0
Trichoptera,Leptoceridae,Erotesis,,0,0,3,0,0,0,0,3,0,0,3,0,1,1,1,2,2,2,0,0,0,3,0,0,0,0,0,0,0,0,0,0,3,0,3,0,0,3,0,0
Trichoptera,Leptoceridae,Leptocerus,,0,0,3,0,0,0,0,3,0,0,3,0,1,1,1,2,2,2,0,0,0,3,0,0,0,0,0,0,0,0,0,0,3,0,3,0,0,3,0,0
Trichoptera,Leptoceridae,Mystacides,,0,0,3,1,0,0,0,3,0,0,3,0,1,1,1,2,2,2,0,0,0,3,0,0,0,0,0,0,0,0,0,0,3,0,3,0,0,3,0,0
Trichoptera,Leptoceridae,Oecetis,,0,0,3,1,0,0,0,3,0,0,3,1,1,1,1,3,2,2,0,0,0,3,1,0,0,0,0,0,0,0,0,0,3,3,0,0,0,3,0,0
Trichoptera,Leptoceridae,Setodes,,0,0,3,0,0,0,0,3,0,0,3,0,1,1,1,2,2,2,0,0,0,3,0,0,0,0,0,0,0,0,0,0,3,0,3,0,0,3,0,0
Trichoptera,Leptoceridae,Triaenodes,,0,0,3,2,0,0,0,3,0,0,3,0,1,1,1,2,2,2,0,0,0,3,1,0,0,0,0,0,0,0,0,0,3,0,3,0,0,3,0,0
Trichoptera,Limnephilidae,Allogamus,,0,0,0,1,3,0,0,3,0,0,3,0,0,2,0,3,0,3,1,0,0,0,1,3,1,0,0,0,0,0,0,0,3,0,3,0,0,3,2,1
Trichoptera,Limnephilidae,Anabolia,,0,0,0,2,3,0,0,3,0,0,3,0,3,2,0,3,0,1,3,0,0,1,3,1,0,0,0,0,0,0,0,0,3,0,3,0,0,3,0,0
Trichoptera,Limnephilidae,Annitella,,NA,NA,NA,NA,NA,NA,NA,NA,NA,NA,NA,NA,NA,NA,NA,NA,0,1,0,0,0,1,3,0,0,0,0,0,0,0,0,0,3,2,1,0,0,NA,NA,NA
Trichoptera,Limnephilidae,Anomalopterygella,(-pteryx),0,0,3,1,0,0,0,1,0,0,3,0,0,2,0,2,NA,NA,NA,NA,0,3,0,0,0,0,0,0,0,0,0,0,3,0,3,0,0,3,0,0
Trichoptera,Limnephilidae,Apatania,,0,0,3,1,0,0,0,3,1,1,3,0,3,2,0,2,0,3,1,0,0,3,1,0,0,0,0,0,0,0,0,0,3,3,2,0,0,3,0,0
Trichoptera,Limnephilidae,Chaetopterygopsis,,0,0,0,3,2,0,0,3,0,0,3,0,0,1,0,3,NA,NA,NA,NA,0,2,2,0,0,0,0,0,0,0,0,0,3,0,3,0,0,NA,NA,NA
Trichoptera,Limnephilidae,Chaetopteryx,,0,0,0,3,2,0,0,3,0,0,3,0,0,1,0,3,0,2,3,0,0,1,3,1,0,0,0,0,0,0,0,0,3,0,3,0,0,3,0,0
Trichoptera,Limnephilidae,Drusus,,0,0,0,3,0,0,0,3,1,1,3,0,3,2,0,2,0,3,1,0,0,1,3,0,0,0,0,0,0,0,0,0,3,0,3,0,0,3,2,1
Trichoptera,Limnephilidae,Ecclisopteryx,,0,0,0,3,0,0,0,1,0,0,3,0,0,2,0,2,NA,NA,NA,NA,0,0,3,0,0,0,0,0,0,0,0,0,3,0,3,0,0,NA,NA,NA
Trichoptera,Limnephilidae,Glyphotaelius,,0,0,0,3,1,0,0,3,1,1,3,0,1,1,0,3,0,1,3,0,0,0,1,3,0,0,0,0,0,0,0,0,3,0,3,0,0,3,0,0
Trichoptera,Limnephilidae,Grammotaulius,,0,0,0,3,2,0,0,3,0,0,3,0,0,1,0,2,NA,NA,NA,NA,0,0,0,2,2,0,0,0,0,0,0,0,3,NA,NA,NA,NA,NA,NA,NA
Trichoptera,Limnephilidae,Halesus,,0,0,0,0,3,0,0,3,0,0,3,0,1,2,0,3,0,2,3,0,0,0,0,2,3,0,0,0,0,0,0,0,3,0,3,0,0,3,2,1
Trichoptera,Limnephilidae,Hydatophylax,,0,0,0,3,1,0,0,1,0,0,3,0,0,2,0,2,0,3,0,0,0,0,1,3,0,0,0,0,0,0,0,0,3,0,3,0,0,3,0,0
Trichoptera,Limnephilidae,Ironoquia,,0,0,0,3,0,0,0,3,0,0,3,0,0,1,0,1,0,0,3,0,0,0,3,0,0,0,0,0,0,0,0,0,3,0,3,0,0,NA,NA,NA
Trichoptera,Limnephilidae,Limnephilus,,0,0,0,3,2,0,0,3,0,0,3,0,0,1,0,2,0,1,3,0,0,1,3,1,0,0,0,0,0,0,0,0,3,0,3,0,0,3,0,0
Trichoptera,Limnephilidae,Melampophylax,,0,0,0,3,2,0,0,1,0,0,3,0,0,2,0,2,0,0,3,0,0,1,3,1,0,0,0,0,0,0,0,0,3,0,3,0,0,NA,NA,NA
Trichoptera,Limnephilidae,Mesophylax,,0,0,0,3,2,0,0,1,0,0,3,0,0,2,0,3,0,0,3,0,0,0,1,3,1,0,0,0,0,0,0,0,3,0,3,0,0,0,3,0
Trichoptera,Limnephilidae,Micropterna,Stenophylax,0,0,0,3,2,0,0,3,0,0,3,0,0,1,0,3,0,0,3,0,0,0,1,3,2,0,0,0,0,0,0,0,3,0,3,0,0,NA,NA,NA
Trichoptera,Limnephilidae,Phacopteryx,,0,0,0,3,0,0,0,0,0,0,0,0,0,1,0,1,NA,NA,NA,NA,0,2,2,0,0,0,0,0,0,0,0,0,3,NA,NA,NA,NA,NA,NA,NA
Trichoptera,Limnephilidae,Potamophylax,,0,0,0,3,2,0,0,3,0,0,3,0,0,1,0,3,0,0,3,0,0,0,1,3,2,0,0,0,0,0,0,0,3,0,3,0,0,3,3,1
Trichoptera,Limnephilidae,Rhadicoleptus,,0,0,0,3,2,0,0,3,0,0,3,0,0,1,0,2,NA,NA,NA,NA,0,0,3,0,0,0,0,0,0,0,0,0,3,NA,NA,NA,NA,NA,NA,NA
Trichoptera,Limnephilidae,Stenophylax,,0,0,0,3,2,0,0,3,0,0,3,0,0,1,0,3,0,0,3,0,0,0,0,1,3,0,0,0,0,0,0,0,3,0,3,0,0,NA,NA,NA
Trichoptera,Molannidae,Molanna,,0,0,0,3,0,0,0,0,3,1,3,0,0,0,1,1,0,3,0,0,0,0,3,0,0,0,0,0,0,0,0,0,3,0,3,0,0,NA,NA,NA
Trichoptera,Molannidae,Molannodes,,0,0,3,2,0,0,0,0,0,0,0,0,0,0,1,1,NA,NA,NA,NA,0,3,0,0,0,0,0,0,0,0,0,0,3,NA,NA,NA,NA,NA,NA,NA
Trichoptera,Odontoceridae,Odontocerum,,0,0,0,3,1,0,0,3,2,2,3,0,3,1,1,2,0,3,0,0,0,0,1,3,0,0,0,0,0,0,0,0,3,0,3,0,0,3,0,0
Trichoptera,Philopotamidae,Chimarra,,0,0,3,0,0,0,0,3,0,0,3,0,1,1,1,1,1,3,0,0,0,3,0,0,0,0,0,0,0,0,0,0,3,0,3,0,0,0,2,2
Trichoptera,Philopotamidae,Philopotamus,,0,0,1,3,0,0,0,3,0,0,3,0,1,1,1,1,NA,NA,NA,NA,0,1,3,0,0,0,0,0,0,0,0,0,3,0,3,0,0,3,1,0
Trichoptera,Philopotamidae,Wormaldia,,0,0,3,0,0,0,0,0,3,3,0,0,1,2,1,1,NA,NA,NA,NA,1,3,0,0,0,0,0,0,0,0,0,0,3,NA,NA,NA,NA,3,1,0
Trichoptera,Phryganeidae,Agrypnia,,0,0,0,1,3,0,0,2,3,3,3,0,1,3,1,2,NA,NA,NA,NA,0,0,1,3,0,0,0,0,0,0,0,0,3,NA,NA,NA,NA,NA,NA,NA
Trichoptera,Phryganeidae,Hagenella,,0,0,0,2,3,0,0,3,0,0,3,0,0,2,1,2,NA,NA,NA,NA,0,0,2,2,0,0,0,0,0,0,0,0,3,NA,NA,NA,NA,NA,NA,NA
Trichoptera,Phryganeidae,Oligostomis,,0,0,0,1.5,1.5,0,0,3,0,0,3,0.5,1,2,1,2.5,0,0,3,0,0,0,0,3,0,0,0,0,0,0,0,0,3,0,3,0,0,NA,NA,NA
Trichoptera,Phryganeidae,Oligotricha,,0,0,0,0,3,0,0,3,0,0,3,0,0,2,1,2,NA,NA,NA,NA,0,0,0,3,0,0,0,0,0,0,0,0,3,0,3,1,0,NA,NA,NA
Trichoptera,Phryganeidae,Phryganea,,0,0,0,0,3,0,0,3,0,0,3,1,2,2,1,3,0,0,3,0,0,0,0,0,3,0,0,0,0,0,0,0,3,0,3,0,0,3,0,0
Trichoptera,Phryganeidae,Trichostegia,,0,0,0,3,0,0,0,3,0,0,3,0,0,2,1,2,NA,NA,NA,NA,0,1,3,0,0,0,0,0,0,0,0,0,3,NA,NA,NA,NA,NA,NA,NA
Trichoptera,Polycentropodidae,Cyrnus,,0,0,3,1,0,0,0,3,0,0,2,3,2,1,1,1,2,2,0,0,0,3,0,0,0,0,0,0,0,0,0,0,3,0,3,0,0,1,2,1
Trichoptera,Polycentropodidae,Holocentropus,,0,0,1,3,0,0,0,3,0,0,2,3,1,1,1,2,2,2,0,0,0,3,0,0,0,0,0,0,0,0,0,0,3,0,3,0,0,1,2,1
Trichoptera,Polycentropodidae,Neureclipsis,,0,0,1,3,0,0,0,3,0,0,0,3,3,1,1,2,2,2,0,0,0,3,0,0,0,0,0,0,0,0,0,0,3,0,3,0,0,1,2,1
Trichoptera,Polycentropodidae,Plectrocnemia,,0,0,0,3,2,0,0,2,1,1,2,2,2,1,1,2,2,2,0,0,0,1,3,0,0,0,0,0,0,0,0,0,3,0,3,0,0,1,2,1
Trichoptera,Polycentropodidae,Polycentropus,,0,0,1,3,0,0,0,3,1,1,3,2,1,1,1,2,2,2,0,0,0,3,0,0,0,0,0,0,0,0,0,0,3,0,3,0,0,1,2,1
Trichoptera,Psychomyiidae,Lype,,0,0,3,1,0,0,0,3,0,0,0,3,1,1,1,1,2,2,0,0,1,3,0,0,0,0,0,0,0,0,0,0,3,0,3,0,0,3,0,0
Trichoptera,Psychomyiidae,Metalype,Psychomyia,0,0,3,0,0,0,0,3,0,0,0,3,1,1,1,1,2,2,0,0,3,0,0,0,0,0,0,0,0,0,0,0,3,0,3,0,0,3,0,0
Trichoptera,Psychomyiidae,Paduniella,,0,0,3,0,0,0,0,3,0,0,0,2,1,1,1,1,NA,NA,NA,NA,3,0,0,0,0,0,0,0,0,0,0,0,3,NA,NA,NA,NA,3,0,0
Trichoptera,Psychomyiidae,Psychomyia,,0,1,3,0,0,0,0,3,0,0,1,3,1,1,1,1,2,2,0,0,3,0,0,0,0,0,0,0,0,0,0,0,3,0,3,0,0,3,0,0
Trichoptera,Psychomyiidae,Tinodes,,0,1,3,1,0,0,0,3,0,0,2,3,2,1,1,1,2,2,0,0,1,3,0,0,0,0,0,0,0,0,0,0,3,0,3,0,0,3,0,0
Trichoptera,Rhyacophilidae,Hyperrhyacophila,,0,0,0,2,2,0,0,1,1,1,1,0,2,1,1,2,2,2,0,0,0,0,0,3,0,0,0,0,0,0,0,0,3,NA,NA,NA,NA,NA,NA,NA
Trichoptera,Rhyacophilidae,Hyporhyacophila,"Rhyacophila pubescens, R. tristis",0,0,2,2,0,0,0,0,3,3,0,0,3,2,1,2,2,2,0,0,0,3,1,0,0,0,0,0,0,0,0,0,3,NA,NA,NA,NA,NA,NA,NA
Trichoptera,Rhyacophilidae,Pararhyacophila,,0,0,0,1,3,0,0,1,1,1,1,0,3,1,1,2,2,2,0,0,0,1,3,0,0,0,0,0,0,0,0,0,3,NA,NA,NA,NA,NA,NA,NA
Trichoptera,Rhyacophilidae,Rhyacophila,"Rhyacophila dorsalis, R. fasciata, R. vulgaris",0,0,1,3,2,0,0,3,2,1,2,1,3,2,1,2,2,2,0,0,0,1,3,1,0,0,0,0,0,0,0,0,3,1,3,0,0,0,3,0
Trichoptera,Sericostomatidae,Notidobia,,0,0,0,3,0,0,0,3,0,0,1,2,2,1,1,1,2,2,0,0,0,1,3,0,0,0,0,0,0,0,0,0,3,1,3,0,0,3,0,0
Trichoptera,Sericostomatidae,Oecismus,,0,0,0,3,0,0,0,0,0,0,0,0,2,1,1,1,NA,NA,NA,NA,0,0,3,0,0,0,0,0,0,0,0,0,3,NA,NA,NA,NA,3,0,0
Trichoptera,Sericostomatidae,Schizopelex,,0,0,0,3,0,0,0,0,0,0,0,0,2,1,1,1,NA,NA,NA,NA,0,0,3,0,0,0,0,0,0,0,0,0,3,NA,NA,NA,NA,NA,NA,NA
Trichoptera,Sericostomatidae,Sericostoma,,0,0,0,3,0,0,0,3,1,2,3,1,2,1,1,1,2,2,0,0,0,0,3,1,0,0,0,0,0,0,0,0,3,0,3,0,0,3,0,0
Trichoptera,Uenoidae =(Thremmatidae),Thremma,,0,0,3,0,0,0,0,1,3,3,1,0,0,0,1,2,NA,NA,NA,NA,2,2,0,0,0,0,0,0,0,0,0,0,3,3,1,0,0,3,0,0
Tricladida,Dendrocoelidae,Dendrocoelum,,0,0,0,0,3,0,0,3,1,0,3,0,0,3,0,0,0,0,3,0,NA,NA,NA,NA,NA,NA,NA,NA,3,0,0,0,0,2,2,0,0,3,0,0
Tricladida,Dugesiidae,Dugesia,,0,0,1,2,3,0,0,0,3,0,3,0,0,2,0,0,0,0,3,0,NA,NA,NA,NA,NA,NA,NA,NA,3,0,0,0,0,2,2,0,0,3,0,0
Tricladida,Dugesiidae,Schmidtea,,0,0,1,2,3,0,0,0,3,0,3,0,0,2,0,0,NA,NA,NA,NA,NA,NA,NA,NA,NA,NA,NA,NA,3,0,0,0,0,NA,NA,NA,NA,3,0,0
Tricladida,Planariidae,Crenobia,,0,0,0,2,3,0,0,0,3,0,3,0,1,2,0,0,NA,NA,NA,NA,NA,NA,NA,NA,NA,NA,NA,NA,3,0,0,0,0,2,2,0,0,3,0,0
Tricladida,Planariidae,Phagocata,,0,0,0,2,2,0,0,0,3,0,3,0,0,2,0,0,0,0,3,0,NA,NA,NA,NA,NA,NA,NA,NA,3,0,0,0,0,3,0,0,0,3,0,0
Tricladida,Planariidae,Planaria,,0,0,0,3,0,0,0,0,3,0,3,0,0,2,0,0,0,0,3,0,NA,NA,NA,NA,NA,NA,NA,NA,3,0,0,0,0,2,2,0,0,3,0,0
Tricladida,Planariidae,Polycelis,,0,0,1,3,0,0,0,0,3,0,3,0,1,2,0,0,0,0,3,0,NA,NA,NA,NA,NA,NA,NA,NA,0,0,0,0,0,2,2,0,0,3,0,0
